[{"model": "admin.logentry", "pk": 1, "fields": {"action_time": "2025-12-25T04:09:51.933Z", "user": 1, "content_type": 19, "object_id": "1", "object_repr": "shop center", "action_flag": 1, "change_message": "[{\"added\": {}}]"}}, {"model": "admin.logentry", "pk": 2, "fields": {"action_time": "2025-12-25T04:11:00.696Z", "user": 1, "content_type": 8, "object_id": "1", "object_repr": "پوشاک _ poshak", "action_flag": 1, "change_message": "[{\"added\": {}}]"}}, {"model": "admin.logentry", "pk": 3, "fields": {"action_time": "2025-12-25T04:11:17.082Z", "user": 1, "content_type": 7, "object_id": "1", "object_repr": "zara", "action_flag": 1, "change_message": "[{\"added\": {}}]"}}, {"model": "admin.logentry", "pk": 4, "fields": {"action_time": "2025-12-25T04:12:21.711Z", "user": 1, "content_type": 10, "object_id": "1", "object_repr": "L", "action_flag": 1, "change_message": "[{\"added\": {}}]"}}, {"model": "admin.logentry", "pk": 5, "fields": {"action_time": "2025-12-25T04:12:34.305Z", "user": 1, "content_type": 9, "object_id": "1", "object_repr": "آبی", "action_flag": 1, "change_message": "[{\"added\": {}}]"}}, {"model": "admin.logentry", "pk": 6, "fields": {"action_time": "2025-12-25T04:12:58.335Z", "user": 1, "content_type": 9, "object_id": "2", "object_repr": "سفید", "action_flag": 1, "change_message": "[{\"added\": {}}]"}}, {"model": "admin.logentry", "pk": 7, "fields": {"action_time": "2025-12-25T04:13:13.393Z", "user": 1, "content_type": 10, "object_id": "2", "object_repr": "XL", "action_flag": 1, "change_message": "[{\"added\": {}}]"}}, {"model": "admin.logentry", "pk": 8, "fields": {"action_time": "2025-12-25T04:13:40.028Z", "user": 1, "content_type": 9, "object_id": "3", "object_repr": "None", "action_flag": 1, "change_message": "[{\"added\": {}}]"}}, {"model": "admin.logentry", "pk": 9, "fields": {"action_time": "2025-12-25T04:13:55.635Z", "user": 1, "content_type": 9, "object_id": "4", "object_repr": "بنفش", "action_flag": 1, "change_message": "[{\"added\": {}}]"}}, {"model": "admin.logentry", "pk": 10, "fields": {"action_time": "2025-12-25T04:14:03.965Z", "user": 1, "content_type": 11, "object_id": "1", "object_repr": "پیراهن لیلیوم (15000000)", "action_flag": 1, "change_message": "[{\"added\": {}}, {\"added\": {\"name\": \"\\u0646\\u0648\\u0639 \\u0645\\u062d\\u0635\\u0648\\u0644\", \"object\": \"L -\\u0622\\u0628\\u06cc \"}}, {\"added\": {\"name\": \"\\u0646\\u0648\\u0639 \\u0645\\u062d\\u0635\\u0648\\u0644\", \"object\": \"L -\\u0633\\u0641\\u06cc\\u062f \"}}, {\"added\": {\"name\": \"\\u0646\\u0648\\u0639 \\u0645\\u062d\\u0635\\u0648\\u0644\", \"object\": \"XL -\\u0633\\u0641\\u06cc\\u062f \"}}, {\"added\": {\"name\": \"\\u0646\\u0648\\u0639 \\u0645\\u062d\\u0635\\u0648\\u0644\", \"object\": \"XL -\\u0628\\u0646\\u0641\\u0634 \"}}]"}}, {"model": "admin.logentry", "pk": 11, "fields": {"action_time": "2025-12-25T04:14:43.252Z", "user": 1, "content_type": 8, "object_id": "2", "object_repr": "آرایشی _ arayeshi", "action_flag": 1, "change_message": "[{\"added\": {}}]"}}, {"model": "admin.logentry", "pk": 12, "fields": {"action_time": "2025-12-25T04:15:09.858Z", "user": 1, "content_type": 8, "object_id": "3", "object_repr": "بهداشتی _ behdashti", "action_flag": 1, "change_message": "[{\"added\": {}}]"}}, {"model": "admin.logentry", "pk": 13, "fields": {"action_time": "2025-12-25T04:25:47.223Z", "user": 1, "content_type": 19, "object_id": "2", "object_repr": "shop center", "action_flag": 1, "change_message": "[{\"added\": {}}]"}}, {"model": "admin.logentry", "pk": 14, "fields": {"action_time": "2025-12-28T23:46:13.393Z", "user": 1, "content_type": 19, "object_id": "2", "object_repr": "shop center", "action_flag": 2, "change_message": "[{\"changed\": {\"fields\": [\"\\u0644\\u0648\\u06af\\u0648\"]}}]"}}, {"model": "admin.logentry", "pk": 15, "fields": {"action_time": "2025-12-28T23:46:21.142Z", "user": 1, "content_type": 19, "object_id": "2", "object_repr": "shop center", "action_flag": 2, "change_message": "[]"}}, {"model": "admin.logentry", "pk": 16, "fields": {"action_time": "2025-12-28T23:51:16.099Z", "user": 1, "content_type": 18, "object_id": "1", "object_repr": "ارسال رایگان", "action_flag": 1, "change_message": "[{\"added\": {}}]"}}, {"model": "admin.logentry", "pk": 17, "fields": {"action_time": "2025-12-29T00:46:30.918Z", "user": 1, "content_type": 7, "object_id": "1", "object_repr": "zara", "action_flag": 2, "change_message": "[{\"changed\": {\"fields\": [\"\\u0641\\u0639\\u0627\\u0644/\\u063a\\u06cc\\u0631\\u0641\\u0639\\u0627\\u0644\"]}}]"}}, {"model": "admin.logentry", "pk": 18, "fields": {"action_time": "2025-12-29T00:46:39.431Z", "user": 1, "content_type": 8, "object_id": "1", "object_repr": "پوشاک _ poshak", "action_flag": 2, "change_message": "[]"}}, {"model": "admin.logentry", "pk": 19, "fields": {"action_time": "2025-12-29T02:37:32.918Z", "user": 1, "content_type": 20, "object_id": "1", "object_repr": "کالکشن جدید", "action_flag": 1, "change_message": "[{\"added\": {}}]"}}, {"model": "admin.logentry", "pk": 20, "fields": {"action_time": "2025-12-29T03:10:22.073Z", "user": 1, "content_type": 20, "object_id": "2", "object_repr": "new collection", "action_flag": 1, "change_message": "[{\"added\": {}}]"}}, {"model": "admin.logentry", "pk": 21, "fields": {"action_time": "2025-12-29T03:10:39.973Z", "user": 1, "content_type": 20, "object_id": "3", "object_repr": "بهداشتی", "action_flag": 1, "change_message": "[{\"added\": {}}]"}}, {"model": "admin.logentry", "pk": 22, "fields": {"action_time": "2026-01-06T02:50:31.179Z", "user": 1, "content_type": 11, "object_id": "1", "object_repr": "پیراهن لیلیوم (15000000)", "action_flag": 2, "change_message": "[{\"changed\": {\"name\": \"\\u0646\\u0648\\u0639 \\u0645\\u062d\\u0635\\u0648\\u0644\", \"object\": \"L -\\u0622\\u0628\\u06cc \", \"fields\": [\"\\u0645\\u0648\\u062c\\u0648\\u062f\\u06cc\"]}}, {\"changed\": {\"name\": \"\\u0646\\u0648\\u0639 \\u0645\\u062d\\u0635\\u0648\\u0644\", \"object\": \"L -\\u0633\\u0641\\u06cc\\u062f \", \"fields\": [\"\\u0645\\u0648\\u062c\\u0648\\u062f\\u06cc\"]}}, {\"changed\": {\"name\": \"\\u0646\\u0648\\u0639 \\u0645\\u062d\\u0635\\u0648\\u0644\", \"object\": \"XL -\\u0628\\u0646\\u0641\\u0634 \", \"fields\": [\"\\u0645\\u0648\\u062c\\u0648\\u062f\\u06cc\"]}}]"}}, {"model": "admin.logentry", "pk": 23, "fields": {"action_time": "2026-01-07T00:38:09.388Z", "user": 1, "content_type": 7, "object_id": "2", "object_repr": "سسس", "action_flag": 1, "change_message": "[{\"added\": {}}]"}}, {"model": "admin.logentry", "pk": 24, "fields": {"action_time": "2026-01-07T00:38:21.913Z", "user": 1, "content_type": 7, "object_id": "2", "object_repr": "سسس", "action_flag": 2, "change_message": "[{\"changed\": {\"fields\": [\"\\u0641\\u0639\\u0627\\u0644/\\u063a\\u06cc\\u0631\\u0641\\u0639\\u0627\\u0644\"]}}]"}}, {"model": "admin.logentry", "pk": 25, "fields": {"action_time": "2026-01-07T00:39:09.549Z", "user": 1, "content_type": 11, "object_id": "2", "object_repr": "رژ لب مات (9500000)", "action_flag": 1, "change_message": "[{\"added\": {}}]"}}, {"model": "admin.logentry", "pk": 26, "fields": {"action_time": "2026-01-07T00:42:58.495Z", "user": 1, "content_type": 11, "object_id": "1", "object_repr": "پیراهن لیلیوم (15000000)", "action_flag": 2, "change_message": "[]"}}, {"model": "admin.logentry", "pk": 27, "fields": {"action_time": "2026-01-07T00:43:16.081Z", "user": 1, "content_type": 11, "object_id": "1", "object_repr": "پیراهن لیلیوم (15000000)", "action_flag": 2, "change_message": "[{\"changed\": {\"fields\": [\"\\u062a\\u0635\\u0648\\u06cc\\u0631\"]}}]"}}, {"model": "admin.logentry", "pk": 28, "fields": {"action_time": "2026-01-07T00:43:45.222Z", "user": 1, "content_type": 11, "object_id": "1", "object_repr": "پیراهن لیلیوم (15000000)", "action_flag": 2, "change_message": "[{\"changed\": {\"fields\": [\"\\u062a\\u0635\\u0648\\u06cc\\u0631\"]}}]"}}, {"model": "admin.logentry", "pk": 29, "fields": {"action_time": "2026-01-07T01:29:20.361Z", "user": 1, "content_type": 7, "object_id": "3", "object_repr": "Meybellin", "action_flag": 1, "change_message": "[{\"added\": {}}]"}}, {"model": "admin.logentry", "pk": 30, "fields": {"action_time": "2026-01-07T01:32:37.591Z", "user": 1, "content_type": 10, "object_id": "3", "object_repr": "30ml", "action_flag": 1, "change_message": "[{\"added\": {}}]"}}, {"model": "admin.logentry", "pk": 31, "fields": {"action_time": "2026-01-07T01:32:58.839Z", "user": 1, "content_type": 9, "object_id": "5", "object_repr": "روشن", "action_flag": 1, "change_message": "[{\"added\": {}}]"}}, {"model": "admin.logentry", "pk": 32, "fields": {"action_time": "2026-01-07T01:33:24.208Z", "user": 1, "content_type": 9, "object_id": "6", "object_repr": "طبیعی", "action_flag": 1, "change_message": "[{\"added\": {}}]"}}, {"model": "admin.logentry", "pk": 33, "fields": {"action_time": "2026-01-07T01:33:37.493Z", "user": 1, "content_type": 9, "object_id": "7", "object_repr": "تیره", "action_flag": 1, "change_message": "[{\"added\": {}}]"}}, {"model": "admin.logentry", "pk": 34, "fields": {"action_time": "2026-01-07T01:33:41.095Z", "user": 1, "content_type": 11, "object_id": "3", "object_repr": "کرم پودر آرایشی-Mybellin (15000000)", "action_flag": 1, "change_message": "[{\"added\": {}}, {\"added\": {\"name\": \"\\u0646\\u0648\\u0639 \\u0645\\u062d\\u0635\\u0648\\u0644\", \"object\": \"30ml -\\u0631\\u0648\\u0634\\u0646 \"}}, {\"added\": {\"name\": \"\\u0646\\u0648\\u0639 \\u0645\\u062d\\u0635\\u0648\\u0644\", \"object\": \"30ml -\\u0637\\u0628\\u06cc\\u0639\\u06cc \"}}, {\"added\": {\"name\": \"\\u0646\\u0648\\u0639 \\u0645\\u062d\\u0635\\u0648\\u0644\", \"object\": \"30ml -\\u062a\\u06cc\\u0631\\u0647 \"}}]"}}, {"model": "admin.logentry", "pk": 35, "fields": {"action_time": "2026-01-07T01:33:53.084Z", "user": 1, "content_type": 10, "object_id": "3", "object_repr": "50ml", "action_flag": 2, "change_message": "[{\"changed\": {\"fields\": [\"\\u0633\\u0627\\u06cc\\u0632/\\u062d\\u062c\\u0645\"]}}]"}}, {"model": "admin.logentry", "pk": 36, "fields": {"action_time": "2026-01-07T01:34:06.552Z", "user": 1, "content_type": 9, "object_id": "3", "object_repr": "None", "action_flag": 3, "change_message": ""}}, {"model": "admin.logentry", "pk": 37, "fields": {"action_time": "2026-01-07T01:34:53.936Z", "user": 1, "content_type": 11, "object_id": "2", "object_repr": "رژ لب مات (9500000)", "action_flag": 2, "change_message": "[{\"changed\": {\"fields\": [\"\\u0628\\u0631\\u0646\\u062f\", \"\\u062a\\u0648\\u0636\\u06cc\\u062d\\u0627\\u062a \\u06a9\\u0648\\u062a\\u0627\\u0647\", \"\\u062a\\u0648\\u0636\\u06cc\\u062d\\u0627\\u062a \\u0627\\u0635\\u0644\\u06cc\"]}}]"}}, {"model": "admin.logentry", "pk": 38, "fields": {"action_time": "2026-01-07T01:43:02.155Z", "user": 1, "content_type": 10, "object_id": "4", "object_repr": "full size", "action_flag": 1, "change_message": "[{\"added\": {}}]"}}, {"model": "admin.logentry", "pk": 39, "fields": {"action_time": "2026-01-07T01:43:21.399Z", "user": 1, "content_type": 9, "object_id": "8", "object_repr": "قرمز کلاسیک", "action_flag": 1, "change_message": "[{\"added\": {}}]"}}, {"model": "admin.logentry", "pk": 40, "fields": {"action_time": "2026-01-07T01:43:47.944Z", "user": 1, "content_type": 11, "object_id": "2", "object_repr": "رژ لب مات-Meybellin (9500000)", "action_flag": 2, "change_message": "[{\"changed\": {\"fields\": [\"\\u0646\\u0627\\u0645 \\u0645\\u062d\\u0635\\u0648\\u0644\", \"\\u062a\\u0648\\u0636\\u06cc\\u062d\\u0627\\u062a \\u0627\\u0635\\u0644\\u06cc\"]}}, {\"added\": {\"name\": \"\\u0646\\u0648\\u0639 \\u0645\\u062d\\u0635\\u0648\\u0644\", \"object\": \"full size -\\u0642\\u0631\\u0645\\u0632 \\u06a9\\u0644\\u0627\\u0633\\u06cc\\u06a9 \"}}]"}}, {"model": "admin.logentry", "pk": 41, "fields": {"action_time": "2026-01-07T01:45:34.028Z", "user": 1, "content_type": 9, "object_id": "9", "object_repr": "مشکی", "action_flag": 1, "change_message": "[{\"added\": {}}]"}}, {"model": "admin.logentry", "pk": 42, "fields": {"action_time": "2026-01-07T01:45:48.647Z", "user": 1, "content_type": 9, "object_id": "10", "object_repr": "قهوه ای", "action_flag": 1, "change_message": "[{\"added\": {}}]"}}, {"model": "admin.logentry", "pk": 43, "fields": {"action_time": "2026-01-07T01:47:29.287Z", "user": 1, "content_type": 11, "object_id": "4", "object_repr": "ریمل حجم دهنده-Mebrllin (8500000)", "action_flag": 1, "change_message": "[{\"added\": {}}, {\"added\": {\"name\": \"\\u0646\\u0648\\u0639 \\u0645\\u062d\\u0635\\u0648\\u0644\", \"object\": \"full size -\\u0645\\u0634\\u06a9\\u06cc \"}}, {\"added\": {\"name\": \"\\u0646\\u0648\\u0639 \\u0645\\u062d\\u0635\\u0648\\u0644\", \"object\": \"full size -\\u0642\\u0647\\u0648\\u0647 \\u0627\\u06cc \"}}]"}}, {"model": "admin.logentry", "pk": 44, "fields": {"action_time": "2026-01-07T01:47:43.887Z", "user": 1, "content_type": 11, "object_id": "3", "object_repr": "کرم پودر آرایشی-Mybellin (15000000)", "action_flag": 2, "change_message": "[{\"changed\": {\"name\": \"\\u0646\\u0648\\u0639 \\u0645\\u062d\\u0635\\u0648\\u0644\", \"object\": \"50ml -\\u0637\\u0628\\u06cc\\u0639\\u06cc \", \"fields\": [\"\\u0645\\u0648\\u062c\\u0648\\u062f\\u06cc\"]}}, {\"changed\": {\"name\": \"\\u0646\\u0648\\u0639 \\u0645\\u062d\\u0635\\u0648\\u0644\", \"object\": \"50ml -\\u062a\\u06cc\\u0631\\u0647 \", \"fields\": [\"\\u0645\\u0648\\u062c\\u0648\\u062f\\u06cc\"]}}]"}}, {"model": "admin.logentry", "pk": 45, "fields": {"action_time": "2026-01-07T01:47:53.802Z", "user": 1, "content_type": 11, "object_id": "2", "object_repr": "رژ لب مات-Meybellin (9500000)", "action_flag": 2, "change_message": "[{\"changed\": {\"name\": \"\\u0646\\u0648\\u0639 \\u0645\\u062d\\u0635\\u0648\\u0644\", \"object\": \"full size -\\u0642\\u0631\\u0645\\u0632 \\u06a9\\u0644\\u0627\\u0633\\u06cc\\u06a9 \", \"fields\": [\"\\u0645\\u0648\\u062c\\u0648\\u062f\\u06cc\"]}}]"}}, {"model": "admin.logentry", "pk": 46, "fields": {"action_time": "2026-01-07T01:49:55.209Z", "user": 1, "content_type": 7, "object_id": "4", "object_repr": "Nivea", "action_flag": 1, "change_message": "[{\"added\": {}}]"}}, {"model": "admin.logentry", "pk": 47, "fields": {"action_time": "2026-01-07T01:53:16.791Z", "user": 1, "content_type": 10, "object_id": "5", "object_repr": "400ml", "action_flag": 1, "change_message": "[{\"added\": {}}]"}}, {"model": "admin.logentry", "pk": 48, "fields": {"action_time": "2026-01-07T01:53:26.636Z", "user": 1, "content_type": 10, "object_id": "6", "object_repr": "250ml", "action_flag": 1, "change_message": "[{\"added\": {}}]"}}, {"model": "admin.logentry", "pk": 49, "fields": {"action_time": "2026-01-07T01:53:33.702Z", "user": 1, "content_type": 9, "object_id": "11", "object_repr": "None", "action_flag": 1, "change_message": "[{\"added\": {}}]"}}, {"model": "admin.logentry", "pk": 50, "fields": {"action_time": "2026-01-07T01:57:07.404Z", "user": 1, "content_type": 11, "object_id": "5", "object_repr": "تیشرت مردانه یقه گرد (3400000)", "action_flag": 1, "change_message": "[{\"added\": {}}, {\"added\": {\"name\": \"\\u0646\\u0648\\u0639 \\u0645\\u062d\\u0635\\u0648\\u0644\", \"object\": \"XL -\\u0622\\u0628\\u06cc \"}}, {\"added\": {\"name\": \"\\u0646\\u0648\\u0639 \\u0645\\u062d\\u0635\\u0648\\u0644\", \"object\": \"XL -\\u0645\\u0634\\u06a9\\u06cc \"}}, {\"added\": {\"name\": \"\\u0646\\u0648\\u0639 \\u0645\\u062d\\u0635\\u0648\\u0644\", \"object\": \"L -\\u0633\\u0641\\u06cc\\u062f \"}}, {\"added\": {\"name\": \"\\u0646\\u0648\\u0639 \\u0645\\u062d\\u0635\\u0648\\u0644\", \"object\": \"L -\\u0628\\u0646\\u0641\\u0634 \"}}]"}}, {"model": "admin.logentry", "pk": 51, "fields": {"action_time": "2026-01-07T01:58:52.773Z", "user": 1, "content_type": 11, "object_id": "6", "object_repr": "تیشرت مردانه یقه گرد (3400000)", "action_flag": 1, "change_message": "[{\"added\": {}}, {\"added\": {\"name\": \"\\u0646\\u0648\\u0639 \\u0645\\u062d\\u0635\\u0648\\u0644\", \"object\": \"XL -\\u0622\\u0628\\u06cc \"}}, {\"added\": {\"name\": \"\\u0646\\u0648\\u0639 \\u0645\\u062d\\u0635\\u0648\\u0644\", \"object\": \"XL -\\u0645\\u0634\\u06a9\\u06cc \"}}, {\"added\": {\"name\": \"\\u0646\\u0648\\u0639 \\u0645\\u062d\\u0635\\u0648\\u0644\", \"object\": \"L -\\u0633\\u0641\\u06cc\\u062f \"}}, {\"added\": {\"name\": \"\\u0646\\u0648\\u0639 \\u0645\\u062d\\u0635\\u0648\\u0644\", \"object\": \"L -\\u0628\\u0646\\u0641\\u0634 \"}}]"}}, {"model": "admin.logentry", "pk": 52, "fields": {"action_time": "2026-01-07T01:59:06.438Z", "user": 1, "content_type": 11, "object_id": "5", "object_repr": "تیشرت مردانه یقه گرد (3400000)", "action_flag": 2, "change_message": "[]"}}, {"model": "admin.logentry", "pk": 53, "fields": {"action_time": "2026-01-07T01:59:17.377Z", "user": 1, "content_type": 8, "object_id": "3", "object_repr": "بهداشتی _ behdashti", "action_flag": 3, "change_message": ""}}, {"model": "admin.logentry", "pk": 54, "fields": {"action_time": "2026-01-07T01:59:26.955Z", "user": 1, "content_type": 7, "object_id": "4", "object_repr": "Nivea", "action_flag": 3, "change_message": ""}}, {"model": "admin.logentry", "pk": 55, "fields": {"action_time": "2026-01-07T01:59:26.955Z", "user": 1, "content_type": 7, "object_id": "2", "object_repr": "سسس", "action_flag": 3, "change_message": ""}}, {"model": "admin.logentry", "pk": 56, "fields": {"action_time": "2026-01-07T02:01:29.329Z", "user": 1, "content_type": 11, "object_id": "6", "object_repr": "هودی زنانه کلاه دار (3400000)", "action_flag": 2, "change_message": "[{\"changed\": {\"fields\": [\"\\u0646\\u0627\\u0645 \\u0645\\u062d\\u0635\\u0648\\u0644\", \"\\u062a\\u0635\\u0648\\u06cc\\u0631\", \"\\u062a\\u0648\\u0636\\u06cc\\u062d\\u0627\\u062a \\u06a9\\u0648\\u062a\\u0627\\u0647\", \"\\u062a\\u0648\\u0636\\u06cc\\u062d\\u0627\\u062a \\u0627\\u0635\\u0644\\u06cc\"]}}, {\"changed\": {\"name\": \"\\u0646\\u0648\\u0639 \\u0645\\u062d\\u0635\\u0648\\u0644\", \"object\": \"XL -\\u0633\\u0641\\u06cc\\u062f \", \"fields\": [\"Color\", \"\\u0642\\u06cc\\u0645\\u062a\"]}}, {\"changed\": {\"name\": \"\\u0646\\u0648\\u0639 \\u0645\\u062d\\u0635\\u0648\\u0644\", \"object\": \"XL -\\u0628\\u0646\\u0641\\u0634 \", \"fields\": [\"Color\"]}}]"}}, {"model": "admin.logentry", "pk": 57, "fields": {"action_time": "2026-01-07T02:01:53.047Z", "user": 1, "content_type": 11, "object_id": "1", "object_repr": "پیراهن لیلیوم (15000000)", "action_flag": 2, "change_message": "[]"}}, {"model": "admin.logentry", "pk": 58, "fields": {"action_time": "2026-01-07T02:02:59.043Z", "user": 1, "content_type": 7, "object_id": "5", "object_repr": "Levis", "action_flag": 1, "change_message": "[{\"added\": {}}]"}}, {"model": "admin.logentry", "pk": 59, "fields": {"action_time": "2026-01-07T02:03:58.205Z", "user": 1, "content_type": 10, "object_id": "7", "object_repr": "38", "action_flag": 1, "change_message": "[{\"added\": {}}]"}}, {"model": "admin.logentry", "pk": 60, "fields": {"action_time": "2026-01-07T02:04:17.421Z", "user": 1, "content_type": 10, "object_id": "8", "object_repr": "40", "action_flag": 1, "change_message": "[{\"added\": {}}]"}}, {"model": "admin.logentry", "pk": 61, "fields": {"action_time": "2026-01-07T02:04:32.382Z", "user": 1, "content_type": 10, "object_id": "9", "object_repr": "42", "action_flag": 1, "change_message": "[{\"added\": {}}]"}}, {"model": "admin.logentry", "pk": 62, "fields": {"action_time": "2026-01-07T02:04:41.299Z", "user": 1, "content_type": 11, "object_id": "7", "object_repr": "شلوار جین مردانه (12000000)", "action_flag": 1, "change_message": "[{\"added\": {}}, {\"added\": {\"name\": \"\\u0646\\u0648\\u0639 \\u0645\\u062d\\u0635\\u0648\\u0644\", \"object\": \"38 -\\u0645\\u0634\\u06a9\\u06cc \"}}, {\"added\": {\"name\": \"\\u0646\\u0648\\u0639 \\u0645\\u062d\\u0635\\u0648\\u0644\", \"object\": \"40 -\\u0645\\u0634\\u06a9\\u06cc \"}}, {\"added\": {\"name\": \"\\u0646\\u0648\\u0639 \\u0645\\u062d\\u0635\\u0648\\u0644\", \"object\": \"42 -\\u0645\\u0634\\u06a9\\u06cc \"}}]"}}, {"model": "admin.logentry", "pk": 63, "fields": {"action_time": "2026-01-07T02:08:20.255Z", "user": 1, "content_type": 11, "object_id": "8", "object_repr": "شلوار جین زنانه (14000000)", "action_flag": 1, "change_message": "[{\"added\": {}}, {\"added\": {\"name\": \"\\u0646\\u0648\\u0639 \\u0645\\u062d\\u0635\\u0648\\u0644\", \"object\": \"38 -\\u0622\\u0628\\u06cc \"}}, {\"added\": {\"name\": \"\\u0646\\u0648\\u0639 \\u0645\\u062d\\u0635\\u0648\\u0644\", \"object\": \"38 -\\u0645\\u0634\\u06a9\\u06cc \"}}, {\"added\": {\"name\": \"\\u0646\\u0648\\u0639 \\u0645\\u062d\\u0635\\u0648\\u0644\", \"object\": \"40 -\\u0622\\u0628\\u06cc \"}}, {\"added\": {\"name\": \"\\u0646\\u0648\\u0639 \\u0645\\u062d\\u0635\\u0648\\u0644\", \"object\": \"40 -\\u0645\\u0634\\u06a9\\u06cc \"}}, {\"added\": {\"name\": \"\\u0646\\u0648\\u0639 \\u0645\\u062d\\u0635\\u0648\\u0644\", \"object\": \"42 -\\u0645\\u0634\\u06a9\\u06cc \"}}, {\"added\": {\"name\": \"\\u0646\\u0648\\u0639 \\u0645\\u062d\\u0635\\u0648\\u0644\", \"object\": \"42 -\\u0622\\u0628\\u06cc \"}}]"}}, {"model": "admin.logentry", "pk": 64, "fields": {"action_time": "2026-01-07T02:16:51.435Z", "user": 1, "content_type": 11, "object_id": "8", "object_repr": "شلوار جین زنانه (14000000)", "action_flag": 2, "change_message": "[{\"changed\": {\"name\": \"\\u0646\\u0648\\u0639 \\u0645\\u062d\\u0635\\u0648\\u0644\", \"object\": \"38 -\\u0645\\u0634\\u06a9\\u06cc \", \"fields\": [\"\\u0642\\u06cc\\u0645\\u062a\"]}}]"}}, {"model": "admin.logentry", "pk": 65, "fields": {"action_time": "2026-02-09T22:39:20.380Z", "user": 1, "content_type": 8, "object_id": "1", "object_repr": "پوشاک زنانه _ poshak", "action_flag": 2, "change_message": "[{\"changed\": {\"fields\": [\"\\u062f\\u0633\\u062a\\u0647 \\u0628\\u0646\\u062f\\u06cc\"]}}]"}}, {"model": "admin.logentry", "pk": 66, "fields": {"action_time": "2026-02-09T22:39:59.629Z", "user": 1, "content_type": 8, "object_id": "4", "object_repr": "پوشاک مردانه _ poshak mardaneh", "action_flag": 1, "change_message": "[{\"added\": {}}]"}}, {"model": "admin.logentry", "pk": 67, "fields": {"action_time": "2026-02-09T22:40:10.108Z", "user": 1, "content_type": 8, "object_id": "1", "object_repr": "پوشاک زنانه _ poshak", "action_flag": 2, "change_message": "[]"}}, {"model": "admin.logentry", "pk": 68, "fields": {"action_time": "2026-02-09T22:40:21.812Z", "user": 1, "content_type": 11, "object_id": "8", "object_repr": "شلوار جین زنانه (14000000)", "action_flag": 2, "change_message": "[{\"changed\": {\"fields\": [\"\\u062f\\u0633\\u062a\\u0647 \\u0628\\u0646\\u062f\\u06cc\"]}}]"}}, {"model": "admin.logentry", "pk": 69, "fields": {"action_time": "2026-02-09T22:40:31.709Z", "user": 1, "content_type": 11, "object_id": "8", "object_repr": "شلوار جین زنانه (14000000)", "action_flag": 2, "change_message": "[{\"changed\": {\"fields\": [\"\\u062f\\u0633\\u062a\\u0647 \\u0628\\u0646\\u062f\\u06cc\"]}}]"}}, {"model": "admin.logentry", "pk": 70, "fields": {"action_time": "2026-02-09T22:40:37.257Z", "user": 1, "content_type": 11, "object_id": "7", "object_repr": "شلوار جین مردانه (12000000)", "action_flag": 2, "change_message": "[{\"changed\": {\"fields\": [\"\\u062f\\u0633\\u062a\\u0647 \\u0628\\u0646\\u062f\\u06cc\"]}}]"}}, {"model": "admin.logentry", "pk": 71, "fields": {"action_time": "2026-02-09T22:40:43.488Z", "user": 1, "content_type": 11, "object_id": "5", "object_repr": "تیشرت مردانه یقه گرد (3400000)", "action_flag": 2, "change_message": "[{\"changed\": {\"fields\": [\"\\u062f\\u0633\\u062a\\u0647 \\u0628\\u0646\\u062f\\u06cc\"]}}]"}}, {"model": "admin.logentry", "pk": 72, "fields": {"action_time": "2026-02-09T22:57:31.753Z", "user": 1, "content_type": 19, "object_id": "2", "object_repr": "shop center", "action_flag": 2, "change_message": "[{\"changed\": {\"fields\": [\"\\u062f\\u0631\\u0628\\u0627\\u0631\\u0647 \\u0645\\u0627\", \"\\u062d\\u0642 \\u06a9\\u067e\\u06cc \\u0631\\u0627\\u06cc\\u062a \"]}}]"}}, {"model": "admin.logentry", "pk": 73, "fields": {"action_time": "2026-02-09T22:59:09.658Z", "user": 1, "content_type": 21, "object_id": "1", "object_repr": "پوشاک", "action_flag": 1, "change_message": "[{\"added\": {}}]"}}, {"model": "admin.logentry", "pk": 74, "fields": {"action_time": "2026-02-09T22:59:38.462Z", "user": 1, "content_type": 21, "object_id": "2", "object_repr": "آرایشی", "action_flag": 1, "change_message": "[{\"added\": {}}]"}}, {"model": "admin.logentry", "pk": 75, "fields": {"action_time": "2026-02-09T23:02:12.227Z", "user": 1, "content_type": 22, "object_id": "1", "object_repr": "راهنمای انتخاب سایز مناسب لباس", "action_flag": 1, "change_message": "[{\"added\": {}}]"}}, {"model": "admin.logentry", "pk": 76, "fields": {"action_time": "2026-02-09T23:17:08.209Z", "user": 1, "content_type": 22, "object_id": "2", "object_repr": "پنج نکته برای نگهداری بهتر از لباس جین", "action_flag": 1, "change_message": "[{\"added\": {}}]"}}, {"model": "admin.logentry", "pk": 77, "fields": {"action_time": "2026-02-09T23:20:06.314Z", "user": 1, "content_type": 22, "object_id": "3", "object_repr": "چطور آرایش ساده و روزانه داشته باشیم؟", "action_flag": 1, "change_message": "[{\"added\": {}}]"}}, {"model": "admin.logentry", "pk": 78, "fields": {"action_time": "2026-02-09T23:22:42.624Z", "user": 1, "content_type": 22, "object_id": "4", "object_repr": "تفاوت کرم پودر مات و براق", "action_flag": 1, "change_message": "[{\"added\": {}}]"}}, {"model": "admin.logentry", "pk": 79, "fields": {"action_time": "2026-02-09T23:25:38.861Z", "user": 1, "content_type": 13, "object_id": "1", "object_repr": "شلوار جین زنانه (14000000) - (Aysuda)", "action_flag": 2, "change_message": "[{\"changed\": {\"fields\": [\"\\u062a\\u0627\\u06cc\\u06cc\\u062f \\u062a\\u0648\\u0633\\u0637 \\u0627\\u062f\\u0645\\u06cc\\u0646 \"]}}]"}}, {"model": "admin.logentry", "pk": 80, "fields": {"action_time": "2026-02-09T23:41:31.349Z", "user": 1, "content_type": 23, "object_id": "1", "object_repr": "Aysuda@gmail.com", "action_flag": 2, "change_message": "[]"}}, {"model": "admin.logentry", "pk": 81, "fields": {"action_time": "2026-02-10T22:15:40.038Z", "user": 1, "content_type": 11, "object_id": "7", "object_repr": "شلوار جین مردانه (12000000)", "action_flag": 2, "change_message": "[{\"changed\": {\"fields\": [\"\\u062a\\u0635\\u0648\\u06cc\\u0631\"]}}, {\"added\": {\"name\": \"\\u062a\\u0635\\u0648\\u06cc\\u0631 \\u06af\\u0627\\u0644\\u0631\\u06cc\", \"object\": \"\\u0634\\u0644\\u0648\\u0627\\u0631 \\u062c\\u06cc\\u0646 \\u0645\\u0631\\u062f\\u0627\\u0646\\u0647\"}}, {\"added\": {\"name\": \"\\u062a\\u0635\\u0648\\u06cc\\u0631 \\u06af\\u0627\\u0644\\u0631\\u06cc\", \"object\": \"\\u0634\\u0644\\u0648\\u0627\\u0631 \\u062c\\u06cc\\u0646 \\u0645\\u0631\\u062f\\u0627\\u0646\\u0647\"}}, {\"added\": {\"name\": \"\\u062a\\u0635\\u0648\\u06cc\\u0631 \\u06af\\u0627\\u0644\\u0631\\u06cc\", \"object\": \"\\u0634\\u0644\\u0648\\u0627\\u0631 \\u062c\\u06cc\\u0646 \\u0645\\u0631\\u062f\\u0627\\u0646\\u0647\"}}, {\"added\": {\"name\": \"\\u062a\\u0635\\u0648\\u06cc\\u0631 \\u06af\\u0627\\u0644\\u0631\\u06cc\", \"object\": \"\\u0634\\u0644\\u0648\\u0627\\u0631 \\u062c\\u06cc\\u0646 \\u0645\\u0631\\u062f\\u0627\\u0646\\u0647\"}}]"}}, {"model": "admin.logentry", "pk": 82, "fields": {"action_time": "2026-02-10T22:17:05.369Z", "user": 1, "content_type": 11, "object_id": "8", "object_repr": "شلوار جین زنانه (14000000)", "action_flag": 2, "change_message": "[{\"changed\": {\"fields\": [\"\\u062a\\u0635\\u0648\\u06cc\\u0631\"]}}, {\"added\": {\"name\": \"\\u062a\\u0635\\u0648\\u06cc\\u0631 \\u06af\\u0627\\u0644\\u0631\\u06cc\", \"object\": \"\\u0634\\u0644\\u0648\\u0627\\u0631 \\u062c\\u06cc\\u0646 \\u0632\\u0646\\u0627\\u0646\\u0647\"}}, {\"added\": {\"name\": \"\\u062a\\u0635\\u0648\\u06cc\\u0631 \\u06af\\u0627\\u0644\\u0631\\u06cc\", \"object\": \"\\u0634\\u0644\\u0648\\u0627\\u0631 \\u062c\\u06cc\\u0646 \\u0632\\u0646\\u0627\\u0646\\u0647\"}}, {\"added\": {\"name\": \"\\u062a\\u0635\\u0648\\u06cc\\u0631 \\u06af\\u0627\\u0644\\u0631\\u06cc\", \"object\": \"\\u0634\\u0644\\u0648\\u0627\\u0631 \\u062c\\u06cc\\u0646 \\u0632\\u0646\\u0627\\u0646\\u0647\"}}, {\"added\": {\"name\": \"\\u062a\\u0635\\u0648\\u06cc\\u0631 \\u06af\\u0627\\u0644\\u0631\\u06cc\", \"object\": \"\\u0634\\u0644\\u0648\\u0627\\u0631 \\u062c\\u06cc\\u0646 \\u0632\\u0646\\u0627\\u0646\\u0647\"}}]"}}, {"model": "admin.logentry", "pk": 83, "fields": {"action_time": "2026-02-10T22:19:21.725Z", "user": 1, "content_type": 11, "object_id": "6", "object_repr": "هودی زنانه کلاه دار (3400000)", "action_flag": 2, "change_message": "[{\"changed\": {\"fields\": [\"\\u062a\\u0635\\u0648\\u06cc\\u0631\"]}}, {\"added\": {\"name\": \"\\u062a\\u0635\\u0648\\u06cc\\u0631 \\u06af\\u0627\\u0644\\u0631\\u06cc\", \"object\": \"\\u0647\\u0648\\u062f\\u06cc \\u0632\\u0646\\u0627\\u0646\\u0647 \\u06a9\\u0644\\u0627\\u0647 \\u062f\\u0627\\u0631\"}}, {\"added\": {\"name\": \"\\u062a\\u0635\\u0648\\u06cc\\u0631 \\u06af\\u0627\\u0644\\u0631\\u06cc\", \"object\": \"\\u0647\\u0648\\u062f\\u06cc \\u0632\\u0646\\u0627\\u0646\\u0647 \\u06a9\\u0644\\u0627\\u0647 \\u062f\\u0627\\u0631\"}}, {\"added\": {\"name\": \"\\u062a\\u0635\\u0648\\u06cc\\u0631 \\u06af\\u0627\\u0644\\u0631\\u06cc\", \"object\": \"\\u0647\\u0648\\u062f\\u06cc \\u0632\\u0646\\u0627\\u0646\\u0647 \\u06a9\\u0644\\u0627\\u0647 \\u062f\\u0627\\u0631\"}}, {\"added\": {\"name\": \"\\u062a\\u0635\\u0648\\u06cc\\u0631 \\u06af\\u0627\\u0644\\u0631\\u06cc\", \"object\": \"\\u0647\\u0648\\u062f\\u06cc \\u0632\\u0646\\u0627\\u0646\\u0647 \\u06a9\\u0644\\u0627\\u0647 \\u062f\\u0627\\u0631\"}}]"}}, {"model": "admin.logentry", "pk": 84, "fields": {"action_time": "2026-02-10T22:23:24.838Z", "user": 1, "content_type": 11, "object_id": "5", "object_repr": "تیشرت مردانه یقه گرد (3400000)", "action_flag": 2, "change_message": "[{\"changed\": {\"fields\": [\"\\u062a\\u0635\\u0648\\u06cc\\u0631\"]}}, {\"added\": {\"name\": \"\\u062a\\u0635\\u0648\\u06cc\\u0631 \\u06af\\u0627\\u0644\\u0631\\u06cc\", \"object\": \"\\u062a\\u06cc\\u0634\\u0631\\u062a \\u0645\\u0631\\u062f\\u0627\\u0646\\u0647 \\u06cc\\u0642\\u0647 \\u06af\\u0631\\u062f\"}}, {\"added\": {\"name\": \"\\u062a\\u0635\\u0648\\u06cc\\u0631 \\u06af\\u0627\\u0644\\u0631\\u06cc\", \"object\": \"\\u062a\\u06cc\\u0634\\u0631\\u062a \\u0645\\u0631\\u062f\\u0627\\u0646\\u0647 \\u06cc\\u0642\\u0647 \\u06af\\u0631\\u062f\"}}, {\"added\": {\"name\": \"\\u062a\\u0635\\u0648\\u06cc\\u0631 \\u06af\\u0627\\u0644\\u0631\\u06cc\", \"object\": \"\\u062a\\u06cc\\u0634\\u0631\\u062a \\u0645\\u0631\\u062f\\u0627\\u0646\\u0647 \\u06cc\\u0642\\u0647 \\u06af\\u0631\\u062f\"}}, {\"added\": {\"name\": \"\\u062a\\u0635\\u0648\\u06cc\\u0631 \\u06af\\u0627\\u0644\\u0631\\u06cc\", \"object\": \"\\u062a\\u06cc\\u0634\\u0631\\u062a \\u0645\\u0631\\u062f\\u0627\\u0646\\u0647 \\u06cc\\u0642\\u0647 \\u06af\\u0631\\u062f\"}}, {\"added\": {\"name\": \"\\u062a\\u0635\\u0648\\u06cc\\u0631 \\u06af\\u0627\\u0644\\u0631\\u06cc\", \"object\": \"\\u062a\\u06cc\\u0634\\u0631\\u062a \\u0645\\u0631\\u062f\\u0627\\u0646\\u0647 \\u06cc\\u0642\\u0647 \\u06af\\u0631\\u062f\"}}, {\"added\": {\"name\": \"\\u062a\\u0635\\u0648\\u06cc\\u0631 \\u06af\\u0627\\u0644\\u0631\\u06cc\", \"object\": \"\\u062a\\u06cc\\u0634\\u0631\\u062a \\u0645\\u0631\\u062f\\u0627\\u0646\\u0647 \\u06cc\\u0642\\u0647 \\u06af\\u0631\\u062f\"}}, {\"added\": {\"name\": \"\\u062a\\u0635\\u0648\\u06cc\\u0631 \\u06af\\u0627\\u0644\\u0631\\u06cc\", \"object\": \"\\u062a\\u06cc\\u0634\\u0631\\u062a \\u0645\\u0631\\u062f\\u0627\\u0646\\u0647 \\u06cc\\u0642\\u0647 \\u06af\\u0631\\u062f\"}}]"}}, {"model": "admin.logentry", "pk": 85, "fields": {"action_time": "2026-02-10T22:24:05.720Z", "user": 1, "content_type": 11, "object_id": "4", "object_repr": "ریمل حجم دهنده-Mebrllin (8500000)", "action_flag": 2, "change_message": "[{\"changed\": {\"fields\": [\"\\u062a\\u0635\\u0648\\u06cc\\u0631\"]}}, {\"added\": {\"name\": \"\\u062a\\u0635\\u0648\\u06cc\\u0631 \\u06af\\u0627\\u0644\\u0631\\u06cc\", \"object\": \"\\u0631\\u06cc\\u0645\\u0644 \\u062d\\u062c\\u0645 \\u062f\\u0647\\u0646\\u062f\\u0647-Mebrllin\"}}, {\"added\": {\"name\": \"\\u062a\\u0635\\u0648\\u06cc\\u0631 \\u06af\\u0627\\u0644\\u0631\\u06cc\", \"object\": \"\\u0631\\u06cc\\u0645\\u0644 \\u062d\\u062c\\u0645 \\u062f\\u0647\\u0646\\u062f\\u0647-Mebrllin\"}}, {\"added\": {\"name\": \"\\u062a\\u0635\\u0648\\u06cc\\u0631 \\u06af\\u0627\\u0644\\u0631\\u06cc\", \"object\": \"\\u0631\\u06cc\\u0645\\u0644 \\u062d\\u062c\\u0645 \\u062f\\u0647\\u0646\\u062f\\u0647-Mebrllin\"}}]"}}, {"model": "admin.logentry", "pk": 86, "fields": {"action_time": "2026-02-10T22:25:48.644Z", "user": 1, "content_type": 11, "object_id": "3", "object_repr": "کرم پودر آرایشی-Mybellin (15000000)", "action_flag": 2, "change_message": "[{\"changed\": {\"fields\": [\"\\u062a\\u0635\\u0648\\u06cc\\u0631\"]}}, {\"added\": {\"name\": \"\\u062a\\u0635\\u0648\\u06cc\\u0631 \\u06af\\u0627\\u0644\\u0631\\u06cc\", \"object\": \"\\u06a9\\u0631\\u0645 \\u067e\\u0648\\u062f\\u0631 \\u0622\\u0631\\u0627\\u06cc\\u0634\\u06cc-Mybellin\"}}, {\"added\": {\"name\": \"\\u062a\\u0635\\u0648\\u06cc\\u0631 \\u06af\\u0627\\u0644\\u0631\\u06cc\", \"object\": \"\\u06a9\\u0631\\u0645 \\u067e\\u0648\\u062f\\u0631 \\u0622\\u0631\\u0627\\u06cc\\u0634\\u06cc-Mybellin\"}}, {\"added\": {\"name\": \"\\u062a\\u0635\\u0648\\u06cc\\u0631 \\u06af\\u0627\\u0644\\u0631\\u06cc\", \"object\": \"\\u06a9\\u0631\\u0645 \\u067e\\u0648\\u062f\\u0631 \\u0622\\u0631\\u0627\\u06cc\\u0634\\u06cc-Mybellin\"}}]"}}, {"model": "admin.logentry", "pk": 87, "fields": {"action_time": "2026-02-10T22:26:27.050Z", "user": 1, "content_type": 11, "object_id": "2", "object_repr": "رژ لب مات-Meybellin (9500000)", "action_flag": 2, "change_message": "[{\"changed\": {\"fields\": [\"\\u062a\\u0635\\u0648\\u06cc\\u0631\"]}}, {\"added\": {\"name\": \"\\u062a\\u0635\\u0648\\u06cc\\u0631 \\u06af\\u0627\\u0644\\u0631\\u06cc\", \"object\": \"\\u0631\\u0698 \\u0644\\u0628 \\u0645\\u0627\\u062a-Meybellin\"}}, {\"added\": {\"name\": \"\\u062a\\u0635\\u0648\\u06cc\\u0631 \\u06af\\u0627\\u0644\\u0631\\u06cc\", \"object\": \"\\u0631\\u0698 \\u0644\\u0628 \\u0645\\u0627\\u062a-Meybellin\"}}]"}}, {"model": "admin.logentry", "pk": 88, "fields": {"action_time": "2026-02-10T22:38:41.100Z", "user": 1, "content_type": 9, "object_id": "12", "object_repr": "--", "action_flag": 1, "change_message": "[{\"added\": {}}]"}}, {"model": "admin.logentry", "pk": 89, "fields": {"action_time": "2026-02-10T22:38:47.825Z", "user": 1, "content_type": 11, "object_id": "9", "object_repr": "کرم در چشم (25000000)", "action_flag": 1, "change_message": "[{\"added\": {}}, {\"added\": {\"name\": \"\\u0646\\u0648\\u0639 \\u0645\\u062d\\u0635\\u0648\\u0644\", \"object\": \"250ml --- \"}}]"}}, {"model": "admin.logentry", "pk": 90, "fields": {"action_time": "2026-02-10T22:39:01.231Z", "user": 1, "content_type": 11, "object_id": "9", "object_repr": "کرم در چشم (25000000)", "action_flag": 2, "change_message": "[]"}}, {"model": "admin.logentry", "pk": 91, "fields": {"action_time": "2026-02-10T22:40:17.152Z", "user": 1, "content_type": 11, "object_id": "10", "object_repr": "سرم هیدروژن (25000000)", "action_flag": 1, "change_message": "[{\"added\": {}}]"}}, {"model": "admin.logentry", "pk": 92, "fields": {"action_time": "2026-02-10T22:40:37.739Z", "user": 1, "content_type": 11, "object_id": "9", "object_repr": "کرم در چشم (25000000)", "action_flag": 2, "change_message": "[{\"deleted\": {\"name\": \"\\u0646\\u0648\\u0639 \\u0645\\u062d\\u0635\\u0648\\u0644\", \"object\": \"250ml --- \"}}]"}}, {"model": "admin.logentry", "pk": 93, "fields": {"action_time": "2026-02-10T22:42:59.130Z", "user": 1, "content_type": 11, "object_id": "11", "object_repr": "هودی مردانه (17500000)", "action_flag": 1, "change_message": "[{\"added\": {}}, {\"added\": {\"name\": \"\\u0646\\u0648\\u0639 \\u0645\\u062d\\u0635\\u0648\\u0644\", \"object\": \"L -\\u0645\\u0634\\u06a9\\u06cc \"}}, {\"added\": {\"name\": \"\\u0646\\u0648\\u0639 \\u0645\\u062d\\u0635\\u0648\\u0644\", \"object\": \"XL -\\u0645\\u0634\\u06a9\\u06cc \"}}, {\"added\": {\"name\": \"\\u0646\\u0648\\u0639 \\u0645\\u062d\\u0635\\u0648\\u0644\", \"object\": \"L -\\u0633\\u0641\\u06cc\\u062f \"}}]"}}, {"model": "admin.logentry", "pk": 94, "fields": {"action_time": "2026-02-10T22:45:54.969Z", "user": 1, "content_type": 11, "object_id": "11", "object_repr": "هودی مردانه (17500000)", "action_flag": 2, "change_message": "[{\"changed\": {\"fields\": [\"\\u062a\\u0635\\u0648\\u06cc\\u0631\"]}}, {\"added\": {\"name\": \"\\u062a\\u0635\\u0648\\u06cc\\u0631 \\u06af\\u0627\\u0644\\u0631\\u06cc\", \"object\": \"\\u0647\\u0648\\u062f\\u06cc \\u0645\\u0631\\u062f\\u0627\\u0646\\u0647\"}}, {\"added\": {\"name\": \"\\u062a\\u0635\\u0648\\u06cc\\u0631 \\u06af\\u0627\\u0644\\u0631\\u06cc\", \"object\": \"\\u0647\\u0648\\u062f\\u06cc \\u0645\\u0631\\u062f\\u0627\\u0646\\u0647\"}}, {\"added\": {\"name\": \"\\u062a\\u0635\\u0648\\u06cc\\u0631 \\u06af\\u0627\\u0644\\u0631\\u06cc\", \"object\": \"\\u0647\\u0648\\u062f\\u06cc \\u0645\\u0631\\u062f\\u0627\\u0646\\u0647\"}}]"}}, {"model": "admin.logentry", "pk": 95, "fields": {"action_time": "2026-02-10T22:46:59.310Z", "user": 1, "content_type": 11, "object_id": "11", "object_repr": "هودی مردانه (17500000)", "action_flag": 2, "change_message": "[{\"changed\": {\"name\": \"\\u0646\\u0648\\u0639 \\u0645\\u062d\\u0635\\u0648\\u0644\", \"object\": \"XL -\\u0645\\u0634\\u06a9\\u06cc \", \"fields\": [\"\\u0642\\u06cc\\u0645\\u062a\"]}}]"}}, {"model": "admin.logentry", "pk": 96, "fields": {"action_time": "2026-02-10T22:48:22.834Z", "user": 1, "content_type": 11, "object_id": "10", "object_repr": "سرم هیدروژن (25000000)", "action_flag": 2, "change_message": "[{\"changed\": {\"fields\": [\"\\u062a\\u0635\\u0648\\u06cc\\u0631\"]}}, {\"added\": {\"name\": \"\\u062a\\u0635\\u0648\\u06cc\\u0631 \\u06af\\u0627\\u0644\\u0631\\u06cc\", \"object\": \"\\u0633\\u0631\\u0645 \\u0647\\u06cc\\u062f\\u0631\\u0648\\u0698\\u0646\"}}, {\"added\": {\"name\": \"\\u062a\\u0635\\u0648\\u06cc\\u0631 \\u06af\\u0627\\u0644\\u0631\\u06cc\", \"object\": \"\\u0633\\u0631\\u0645 \\u0647\\u06cc\\u062f\\u0631\\u0648\\u0698\\u0646\"}}, {\"added\": {\"name\": \"\\u062a\\u0635\\u0648\\u06cc\\u0631 \\u06af\\u0627\\u0644\\u0631\\u06cc\", \"object\": \"\\u0633\\u0631\\u0645 \\u0647\\u06cc\\u062f\\u0631\\u0648\\u0698\\u0646\"}}]"}}, {"model": "admin.logentry", "pk": 97, "fields": {"action_time": "2026-02-10T22:53:33.600Z", "user": 1, "content_type": 11, "object_id": "9", "object_repr": "کرم در چشم (25000000)", "action_flag": 2, "change_message": "[{\"changed\": {\"fields\": [\"\\u062a\\u0635\\u0648\\u06cc\\u0631\"]}}, {\"added\": {\"name\": \"\\u062a\\u0635\\u0648\\u06cc\\u0631 \\u06af\\u0627\\u0644\\u0631\\u06cc\", \"object\": \"\\u06a9\\u0631\\u0645 \\u062f\\u0631 \\u0686\\u0634\\u0645\"}}, {\"added\": {\"name\": \"\\u062a\\u0635\\u0648\\u06cc\\u0631 \\u06af\\u0627\\u0644\\u0631\\u06cc\", \"object\": \"\\u06a9\\u0631\\u0645 \\u062f\\u0631 \\u0686\\u0634\\u0645\"}}, {\"added\": {\"name\": \"\\u062a\\u0635\\u0648\\u06cc\\u0631 \\u06af\\u0627\\u0644\\u0631\\u06cc\", \"object\": \"\\u06a9\\u0631\\u0645 \\u062f\\u0631 \\u0686\\u0634\\u0645\"}}]"}}, {"model": "admin.logentry", "pk": 98, "fields": {"action_time": "2026-02-10T22:54:57.908Z", "user": 1, "content_type": 11, "object_id": "10", "object_repr": "سرم هیدروژن (25000000)", "action_flag": 3, "change_message": ""}}, {"model": "admin.logentry", "pk": 99, "fields": {"action_time": "2026-02-10T22:54:57.908Z", "user": 1, "content_type": 11, "object_id": "9", "object_repr": "کرم در چشم (25000000)", "action_flag": 3, "change_message": ""}}, {"model": "admin.logentry", "pk": 100, "fields": {"action_time": "2026-02-10T23:01:11.789Z", "user": 1, "content_type": 11, "object_id": "3", "object_repr": "کرم پودر آرایشی-Mybellin (15000000)", "action_flag": 2, "change_message": "[{\"changed\": {\"fields\": [\"\\u062a\\u0648\\u0636\\u06cc\\u062d\\u0627\\u062a \\u06a9\\u0648\\u062a\\u0627\\u0647\", \"\\u062a\\u0648\\u0636\\u06cc\\u062d\\u0627\\u062a \\u0627\\u0635\\u0644\\u06cc\"]}}]"}}, {"model": "admin.logentry", "pk": 101, "fields": {"action_time": "2026-02-10T23:03:31.648Z", "user": 1, "content_type": 10, "object_id": "10", "object_repr": "100ml", "action_flag": 1, "change_message": "[{\"added\": {}}]"}}, {"model": "admin.logentry", "pk": 102, "fields": {"action_time": "2026-02-10T23:06:23.190Z", "user": 1, "content_type": 11, "object_id": "12", "object_repr": "کرم پودر-156 (12000000)", "action_flag": 1, "change_message": "[{\"added\": {}}, {\"added\": {\"name\": \"\\u062a\\u0635\\u0648\\u06cc\\u0631 \\u06af\\u0627\\u0644\\u0631\\u06cc\", \"object\": \"\\u06a9\\u0631\\u0645 \\u067e\\u0648\\u062f\\u0631-156\"}}, {\"added\": {\"name\": \"\\u062a\\u0635\\u0648\\u06cc\\u0631 \\u06af\\u0627\\u0644\\u0631\\u06cc\", \"object\": \"\\u06a9\\u0631\\u0645 \\u067e\\u0648\\u062f\\u0631-156\"}}, {\"added\": {\"name\": \"\\u062a\\u0635\\u0648\\u06cc\\u0631 \\u06af\\u0627\\u0644\\u0631\\u06cc\", \"object\": \"\\u06a9\\u0631\\u0645 \\u067e\\u0648\\u062f\\u0631-156\"}}, {\"added\": {\"name\": \"\\u0646\\u0648\\u0639 \\u0645\\u062d\\u0635\\u0648\\u0644\", \"object\": \"50ml -\\u0631\\u0648\\u0634\\u0646 \"}}, {\"added\": {\"name\": \"\\u0646\\u0648\\u0639 \\u0645\\u062d\\u0635\\u0648\\u0644\", \"object\": \"50ml -\\u0637\\u0628\\u06cc\\u0639\\u06cc \"}}, {\"added\": {\"name\": \"\\u0646\\u0648\\u0639 \\u0645\\u062d\\u0635\\u0648\\u0644\", \"object\": \"50ml -\\u062a\\u06cc\\u0631\\u0647 \"}}, {\"added\": {\"name\": \"\\u0646\\u0648\\u0639 \\u0645\\u062d\\u0635\\u0648\\u0644\", \"object\": \"100ml -\\u0631\\u0648\\u0634\\u0646 \"}}, {\"added\": {\"name\": \"\\u0646\\u0648\\u0639 \\u0645\\u062d\\u0635\\u0648\\u0644\", \"object\": \"100ml -\\u0637\\u0628\\u06cc\\u0639\\u06cc \"}}, {\"added\": {\"name\": \"\\u0646\\u0648\\u0639 \\u0645\\u062d\\u0635\\u0648\\u0644\", \"object\": \"100ml -\\u062a\\u06cc\\u0631\\u0647 \"}}]"}}, {"model": "admin.logentry", "pk": 103, "fields": {"action_time": "2026-02-10T23:06:29.094Z", "user": 1, "content_type": 11, "object_id": "11", "object_repr": "هودی مردانه (17500000)", "action_flag": 2, "change_message": "[]"}}, {"model": "admin.logentry", "pk": 104, "fields": {"action_time": "2026-02-10T23:06:41.723Z", "user": 1, "content_type": 11, "object_id": "8", "object_repr": "شلوار جین زنانه (14000000)", "action_flag": 2, "change_message": "[{\"changed\": {\"name\": \"\\u0646\\u0648\\u0639 \\u0645\\u062d\\u0635\\u0648\\u0644\", \"object\": \"38 -\\u0645\\u0634\\u06a9\\u06cc \", \"fields\": [\"\\u0645\\u0648\\u062c\\u0648\\u062f\\u06cc\"]}}]"}}, {"model": "admin.logentry", "pk": 105, "fields": {"action_time": "2026-02-10T23:06:50.805Z", "user": 1, "content_type": 11, "object_id": "8", "object_repr": "شلوار جین زنانه (14000000)", "action_flag": 2, "change_message": "[]"}}, {"model": "admin.logentry", "pk": 106, "fields": {"action_time": "2026-02-10T23:06:57.788Z", "user": 1, "content_type": 11, "object_id": "7", "object_repr": "شلوار جین مردانه (12000000)", "action_flag": 2, "change_message": "[]"}}, {"model": "admin.logentry", "pk": 107, "fields": {"action_time": "2026-02-10T23:07:04.103Z", "user": 1, "content_type": 11, "object_id": "6", "object_repr": "هودی زنانه کلاه دار (3400000)", "action_flag": 2, "change_message": "[]"}}, {"model": "admin.logentry", "pk": 108, "fields": {"action_time": "2026-02-10T23:07:11.381Z", "user": 1, "content_type": 11, "object_id": "5", "object_repr": "تیشرت مردانه یقه گرد (3400000)", "action_flag": 2, "change_message": "[]"}}, {"model": "admin.logentry", "pk": 109, "fields": {"action_time": "2026-02-10T23:07:29.446Z", "user": 1, "content_type": 11, "object_id": "1", "object_repr": "پیراهن لیلیوم (15000000)", "action_flag": 3, "change_message": ""}}, {"model": "admin.logentry", "pk": 110, "fields": {"action_time": "2026-02-10T23:09:49.397Z", "user": 1, "content_type": 22, "object_id": "4", "object_repr": "تفاوت کرم پودر مات و براق", "action_flag": 2, "change_message": "[{\"changed\": {\"fields\": [\"\\u062a\\u0635\\u0648\\u06cc\\u0631 \\u0645\\u0642\\u0627\\u0644\\u0647\"]}}]"}}, {"model": "admin.logentry", "pk": 111, "fields": {"action_time": "2026-02-10T23:10:29.218Z", "user": 1, "content_type": 22, "object_id": "3", "object_repr": "چطور آرایش ساده و روزانه داشته باشیم؟", "action_flag": 2, "change_message": "[{\"changed\": {\"fields\": [\"\\u062a\\u0635\\u0648\\u06cc\\u0631 \\u0645\\u0642\\u0627\\u0644\\u0647\"]}}]"}}, {"model": "admin.logentry", "pk": 112, "fields": {"action_time": "2026-02-10T23:11:11.273Z", "user": 1, "content_type": 22, "object_id": "2", "object_repr": "پنج نکته برای نگهداری بهتر از لباس جین", "action_flag": 2, "change_message": "[{\"changed\": {\"fields\": [\"\\u062a\\u0635\\u0648\\u06cc\\u0631 \\u0645\\u0642\\u0627\\u0644\\u0647\"]}}]"}}, {"model": "admin.logentry", "pk": 113, "fields": {"action_time": "2026-02-10T23:12:09.100Z", "user": 1, "content_type": 22, "object_id": "1", "object_repr": "راهنمای انتخاب سایز مناسب لباس", "action_flag": 2, "change_message": "[{\"changed\": {\"fields\": [\"\\u062a\\u0635\\u0648\\u06cc\\u0631 \\u0645\\u0642\\u0627\\u0644\\u0647\"]}}]"}}, {"model": "admin.logentry", "pk": 114, "fields": {"action_time": "2026-02-10T23:35:31.282Z", "user": 1, "content_type": 22, "object_id": "4", "object_repr": "تفاوت کرم پودر مات و براق", "action_flag": 2, "change_message": "[{\"changed\": {\"fields\": [\"\\u062a\\u0635\\u0648\\u06cc\\u0631 \\u0645\\u0642\\u0627\\u0644\\u0647\"]}}]"}}, {"model": "admin.logentry", "pk": 115, "fields": {"action_time": "2026-02-10T23:36:22.222Z", "user": 1, "content_type": 22, "object_id": "2", "object_repr": "پنج نکته برای نگهداری بهتر از لباس جین", "action_flag": 2, "change_message": "[{\"changed\": {\"fields\": [\"\\u062a\\u0635\\u0648\\u06cc\\u0631 \\u0645\\u0642\\u0627\\u0644\\u0647\"]}}]"}}, {"model": "admin.logentry", "pk": 116, "fields": {"action_time": "2026-02-10T23:42:42.451Z", "user": 1, "content_type": 22, "object_id": "1", "object_repr": "راهنمای انتخاب سایز مناسب لباس", "action_flag": 2, "change_message": "[{\"changed\": {\"fields\": [\"\\u062a\\u0635\\u0648\\u06cc\\u0631 \\u0645\\u0642\\u0627\\u0644\\u0647\"]}}]"}}, {"model": "admin.logentry", "pk": 117, "fields": {"action_time": "2026-02-17T22:26:54.205Z", "user": 1, "content_type": 23, "object_id": "7", "object_repr": "Aysuda@gmail.com", "action_flag": 3, "change_message": ""}}, {"model": "admin.logentry", "pk": 118, "fields": {"action_time": "2026-02-17T22:26:54.206Z", "user": 1, "content_type": 23, "object_id": "6", "object_repr": "Aysuda@gmail.com", "action_flag": 3, "change_message": ""}}, {"model": "admin.logentry", "pk": 119, "fields": {"action_time": "2026-02-17T22:26:54.206Z", "user": 1, "content_type": 23, "object_id": "5", "object_repr": "Aysuda@gmail.com", "action_flag": 3, "change_message": ""}}, {"model": "admin.logentry", "pk": 120, "fields": {"action_time": "2026-02-17T22:26:54.206Z", "user": 1, "content_type": 23, "object_id": "4", "object_repr": "Aysuda@gmail.com", "action_flag": 3, "change_message": ""}}, {"model": "admin.logentry", "pk": 121, "fields": {"action_time": "2026-02-17T22:26:54.206Z", "user": 1, "content_type": 23, "object_id": "3", "object_repr": "Aysuda@gmail.com", "action_flag": 3, "change_message": ""}}, {"model": "admin.logentry", "pk": 122, "fields": {"action_time": "2026-02-17T22:26:54.206Z", "user": 1, "content_type": 23, "object_id": "2", "object_repr": "Aysuda@gmail.com", "action_flag": 3, "change_message": ""}}, {"model": "admin.logentry", "pk": 123, "fields": {"action_time": "2026-02-17T22:26:54.206Z", "user": 1, "content_type": 23, "object_id": "1", "object_repr": "Aysuda@gmail.com", "action_flag": 3, "change_message": ""}}, {"model": "admin.logentry", "pk": 124, "fields": {"action_time": "2026-02-24T01:09:02.869Z", "user": 1, "content_type": 23, "object_id": "14", "object_repr": "Aysuda@gmail.com", "action_flag": 3, "change_message": ""}}, {"model": "admin.logentry", "pk": 125, "fields": {"action_time": "2026-02-24T01:09:02.869Z", "user": 1, "content_type": 23, "object_id": "13", "object_repr": "Aysuda@gmail.com", "action_flag": 3, "change_message": ""}}, {"model": "admin.logentry", "pk": 126, "fields": {"action_time": "2026-02-24T01:09:02.869Z", "user": 1, "content_type": 23, "object_id": "12", "object_repr": "Aysuda@gmail.com", "action_flag": 3, "change_message": ""}}, {"model": "admin.logentry", "pk": 127, "fields": {"action_time": "2026-02-24T01:09:02.869Z", "user": 1, "content_type": 23, "object_id": "11", "object_repr": "Aysuda@gmail.com", "action_flag": 3, "change_message": ""}}, {"model": "admin.logentry", "pk": 128, "fields": {"action_time": "2026-02-24T01:09:02.869Z", "user": 1, "content_type": 23, "object_id": "10", "object_repr": "Aysuda@gmail.com", "action_flag": 3, "change_message": ""}}, {"model": "admin.logentry", "pk": 129, "fields": {"action_time": "2026-02-24T01:09:02.869Z", "user": 1, "content_type": 23, "object_id": "9", "object_repr": "Aysuda@gmail.com", "action_flag": 3, "change_message": ""}}, {"model": "admin.logentry", "pk": 130, "fields": {"action_time": "2026-02-24T01:09:02.869Z", "user": 1, "content_type": 23, "object_id": "8", "object_repr": "Aysuda@gmail.com", "action_flag": 3, "change_message": ""}}, {"model": "admin.logentry", "pk": 131, "fields": {"action_time": "2026-02-24T02:00:56.237Z", "user": 1, "content_type": 24, "object_id": "14", "object_repr": "Aysuda@gmail.com", "action_flag": 3, "change_message": ""}}, {"model": "admin.logentry", "pk": 132, "fields": {"action_time": "2026-02-24T02:00:56.237Z", "user": 1, "content_type": 24, "object_id": "13", "object_repr": "Aysuda@gmail.com", "action_flag": 3, "change_message": ""}}, {"model": "admin.logentry", "pk": 133, "fields": {"action_time": "2026-02-24T02:00:56.237Z", "user": 1, "content_type": 24, "object_id": "12", "object_repr": "Aysuda@gmail.com", "action_flag": 3, "change_message": ""}}, {"model": "admin.logentry", "pk": 134, "fields": {"action_time": "2026-02-24T02:00:56.237Z", "user": 1, "content_type": 24, "object_id": "11", "object_repr": "Aysuda@gmail.com", "action_flag": 3, "change_message": ""}}, {"model": "admin.logentry", "pk": 135, "fields": {"action_time": "2026-02-24T02:00:56.237Z", "user": 1, "content_type": 24, "object_id": "10", "object_repr": "Aysuda@gmail.com", "action_flag": 3, "change_message": ""}}, {"model": "admin.logentry", "pk": 136, "fields": {"action_time": "2026-02-24T02:00:56.237Z", "user": 1, "content_type": 24, "object_id": "9", "object_repr": "Aysuda@gmail.com", "action_flag": 3, "change_message": ""}}, {"model": "admin.logentry", "pk": 137, "fields": {"action_time": "2026-02-24T02:00:56.237Z", "user": 1, "content_type": 24, "object_id": "8", "object_repr": "Aysuda@gmail.com", "action_flag": 3, "change_message": ""}}, {"model": "admin.logentry", "pk": 138, "fields": {"action_time": "2026-02-24T02:00:56.237Z", "user": 1, "content_type": 24, "object_id": "7", "object_repr": "Aysuda@gmail.com", "action_flag": 3, "change_message": ""}}, {"model": "sessions.session", "pk": "23swbqbfg90sqpvogituh9kgah7tljmo", "fields": {"session_data": ".eJxVjEEOwiAQRe_C2pCBkQou3XuGZmYAqRpISrsy3l2bdKHb_977LzXSupRx7Wkep6jOyqjD78Ykj1Q3EO9Ub01Lq8s8sd4UvdOury2m52V3_w4K9fKtRQKkYxaGE_pkM3gvBBmiATdEawQxoxjgNDCQzc5hZC9BwCMGIfX-APUtOEM:1vYcce:VzijzQy9RLqIT-tn7JOpe730gQA5p6sC1zQq6Ludobw", "expire_date": "2026-01-08T04:06:44.523Z"}}, {"model": "sessions.session", "pk": "29u8y7luxe4p4mnwd3mhmkhjjbky2mqo", "fields": {"session_data": ".eJxVjEEOwiAQRe_C2pCBkQou3XuGZmYAqRpISrsy3l2bdKHb_977LzXSupRx7Wkep6jOyqjD78Ykj1Q3EO9Ub01Lq8s8sd4UvdOury2m52V3_w4K9fKtRQKkYxaGE_pkM3gvBBmiATdEawQxoxjgNDCQzc5hZC9BwCMGIfX-APUtOEM:1wf5sW:ONtIjT5-eqI8NchuBDqbKo9Wt4o-2djB58AlGEOivQk", "expire_date": "2026-07-16T01:06:08.421Z"}}, {"model": "sessions.session", "pk": "81sjnl8m92td5j0bcsz0svpzo6oasnd4", "fields": {"session_data": ".eJxVjEEOwiAQRe_C2pCBkQou3XuGZmYAqRpISrsy3l2bdKHb_977LzXSupRx7Wkep6jOyqjD78Ykj1Q3EO9Ub01Lq8s8sd4UvdOury2m52V3_w4K9fKtRQKkYxaGE_pkM3gvBBmiATdEawQxoxjgNDCQzc5hZC9BwCMGIfX-APUtOEM:1vpZiZ:5BP9lbrr1c0BDgBVjXV42LqoFQ2JMnCnqdcWuTsDiLM", "expire_date": "2026-02-23T22:26:55.680Z"}}, {"model": "sessions.session", "pk": "aeae5uvyq7nfaj04scq9i7s2hht92jzs", "fields": {"session_data": ".eJxVjEEOwiAQRe_C2pCBkQou3XuGZmYAqRpISrsy3l2bdKHb_977LzXSupRx7Wkep6jOyqjD78Ykj1Q3EO9Ub01Lq8s8sd4UvdOury2m52V3_w4K9fKtRQKkYxaGE_pkM3gvBBmiATdEawQxoxjgNDCQzc5hZC9BwCMGIfX-APUtOEM:1vdz9x:q3X-DMVgbdYq_KqGgLQtR58oG2cuM2sJS2kjA2m62G4", "expire_date": "2026-01-22T23:11:17.014Z"}}, {"model": "sessions.session", "pk": "cyitsg15d5yz211kulsu6o57kvotk1ul", "fields": {"session_data": ".eJxVjEEOwiAQRe_C2pCBkQou3XuGZmYAqRpISrsy3l2bdKHb_977LzXSupRx7Wkep6jOyqjD78Ykj1Q3EO9Ub01Lq8s8sd4UvdOury2m52V3_w4K9fKtRQKkYxaGE_pkM3gvBBmiATdEawQxoxjgNDCQzc5hZC9BwCMGIfX-APUtOEM:1vwA0P:yUpAWeDQtWaGilSTgxexePclUYHc-gd-0Hylz1SDEnM", "expire_date": "2026-03-14T02:24:33.407Z"}}, {"model": "sessions.session", "pk": "jru9nkrm7i48hskkncykiajyfijakxao", "fields": {"session_data": ".eJxVjEEOwiAUBe_C2hD4NBRduvcM5AMPqRpISrtqvLs26UK3b2beJjyvS_Frx-ynJC6CxOl3CxyfqDtID673JmOryzwFuSvyoF3eWsLrerh_B4V7-dYx0EDMfM5WqUAJNqsBbjQgq2GYTMpsYIlGJE2DZYfgFMBBRWgW7w_7kDjM:1vv3iU:g0AzC4o50XGlUMLGGFc8nkzcgbqBgHqYkWE5CzDIZwU", "expire_date": "2026-03-11T01:29:30.682Z"}}, {"model": "thumbnail.kvstore", "pk": "sorl-thumbnail||image||02606d3d297e5f6b2fb7ba97242168d1", "fields": {"value": "{\"name\": \"images/products/-2147483648_-210601.jpg\", \"storage\": \"django.core.files.storage.filesystem.FileSystemStorage\", \"size\": [347, 438]}"}}, {"model": "thumbnail.kvstore", "pk": "sorl-thumbnail||image||0583fd2b7548fb8c5722948dda9c42a0", "fields": {"value": "{\"name\": \"cache/c6/0d/c60df2d3a26ae69508d24bee95df6cec.jpg\", \"storage\": \"django.core.files.storage.filesystem.FileSystemStorage\", \"size\": [268, 250]}"}}, {"model": "thumbnail.kvstore", "pk": "sorl-thumbnail||image||08ede059e8f60ab5e60e3763ecb34cd6", "fields": {"value": "{\"name\": \"cache/6a/97/6a97a5ca7531a59004a740abc526519f.jpg\", \"storage\": \"django.core.files.storage.filesystem.FileSystemStorage\", \"size\": [1057, 600]}"}}, {"model": "thumbnail.kvstore", "pk": "sorl-thumbnail||image||0f057cbc5cf3cf1359a4ced2059ecbd9", "fields": {"value": "{\"name\": \"cache/0d/95/0d9502e2f2dea845bc134da5aae313f4.jpg\", \"storage\": \"django.core.files.storage.filesystem.FileSystemStorage\", \"size\": [349, 600]}"}}, {"model": "thumbnail.kvstore", "pk": "sorl-thumbnail||image||114c0076f31ac23d0a729ebf09ff5794", "fields": {"value": "{\"name\": \"articles/-2147483648_-210210.jpg\", \"storage\": \"django.core.files.storage.filesystem.FileSystemStorage\", \"size\": [1920, 1280]}"}}, {"model": "thumbnail.kvstore", "pk": "sorl-thumbnail||image||191f13fa24c3094c3019cc7aaf4f6a3a", "fields": {"value": "{\"name\": \"articles/-2147483648_-210618.jpg\", \"storage\": \"django.core.files.storage.filesystem.FileSystemStorage\", \"size\": [1080, 567]}"}}, {"model": "thumbnail.kvstore", "pk": "sorl-thumbnail||image||1ba57f3d9b8d96f6d40deb0443b7fbec", "fields": {"value": "{\"name\": \"cache/e7/40/e740d621bee912b83a61066e84eb7c92.jpg\", \"storage\": \"django.core.files.storage.filesystem.FileSystemStorage\", \"size\": [504, 600]}"}}, {"model": "thumbnail.kvstore", "pk": "sorl-thumbnail||image||1c2436d2a6b0b4e42eecdb24f524c6f1", "fields": {"value": "{\"name\": \"articles/table10.jpg\", \"storage\": \"django.core.files.storage.filesystem.FileSystemStorage\", \"size\": [700, 390]}"}}, {"model": "thumbnail.kvstore", "pk": "sorl-thumbnail||image||1c87446d5c83d71da59c8289acc742fc", "fields": {"value": "{\"name\": \"cache/2a/b4/2ab48beeac4a34656d36b5cb832a0568.jpg\", \"storage\": \"django.core.files.storage.filesystem.FileSystemStorage\", \"size\": [398, 398]}"}}, {"model": "thumbnail.kvstore", "pk": "sorl-thumbnail||image||1d692663a97a1fcac90049717e3eece3", "fields": {"value": "{\"name\": \"articles/-2147483648_-210236.jpg\", \"storage\": \"django.core.files.storage.filesystem.FileSystemStorage\", \"size\": [1280, 1920]}"}}, {"model": "thumbnail.kvstore", "pk": "sorl-thumbnail||image||214801b2499c48f9f8e9215c18eed3be", "fields": {"value": "{\"name\": \"cache/e7/21/e7214e0f80179cf3b4c854fcdac5d036.jpg\", \"storage\": \"django.core.files.storage.filesystem.FileSystemStorage\", \"size\": [268, 250]}"}}, {"model": "thumbnail.kvstore", "pk": "sorl-thumbnail||image||26759c4d98883462489e891bd7dd046e", "fields": {"value": "{\"name\": \"cache/2f/c7/2fc70a6a4441d9ad4ca0bf48590da71c.jpg\", \"storage\": \"django.core.files.storage.filesystem.FileSystemStorage\", \"size\": [268, 250]}"}}, {"model": "thumbnail.kvstore", "pk": "sorl-thumbnail||image||286f0f8b74338ec3b3b661825f42a913", "fields": {"value": "{\"name\": \"images/products/-2147483648_-210214.jpg\", \"storage\": \"django.core.files.storage.filesystem.FileSystemStorage\", \"size\": [1536, 1920]}"}}, {"model": "thumbnail.kvstore", "pk": "sorl-thumbnail||image||29839374a107b07004b4c36c55c601c5", "fields": {"value": "{\"name\": \"cache/46/bf/46bf9628b506548564a7ff59d6e13e1e.jpg\", \"storage\": \"django.core.files.storage.filesystem.FileSystemStorage\", \"size\": [1077, 600]}"}}, {"model": "thumbnail.kvstore", "pk": "sorl-thumbnail||image||2b50919b25da9bf7b22ede4de063cc12", "fields": {"value": "{\"name\": \"cache/19/43/19433ec5af8e3f50ffae9824f8522133.jpg\", \"storage\": \"django.core.files.storage.filesystem.FileSystemStorage\", \"size\": [600, 600]}"}}, {"model": "thumbnail.kvstore", "pk": "sorl-thumbnail||image||2c310ba5988e52f6bdb106ba7f7c2d7d", "fields": {"value": "{\"name\": \"images/products/-2147483648_-210242.jpg\", \"storage\": \"django.core.files.storage.filesystem.FileSystemStorage\", \"size\": [1282, 1920]}"}}, {"model": "thumbnail.kvstore", "pk": "sorl-thumbnail||image||2ec9849befb2fb23834aa6450525cae0", "fields": {"value": "{\"name\": \"cache/ea/74/ea74da60e43ecef1e60be49c5f684570.jpg\", \"storage\": \"django.core.files.storage.filesystem.FileSystemStorage\", \"size\": [291, 500]}"}}, {"model": "thumbnail.kvstore", "pk": "sorl-thumbnail||image||2f29bbf17d0e702c303c61ae638c6927", "fields": {"value": "{\"name\": \"images/products/-2147483648_-210240.jpg\", \"storage\": \"django.core.files.storage.filesystem.FileSystemStorage\", \"size\": [1282, 1920]}"}}, {"model": "thumbnail.kvstore", "pk": "sorl-thumbnail||image||30071fb3506ef0c95e512495f19f62be", "fields": {"value": "{\"name\": \"cache/8f/c2/8fc25e1b1aca833c3048acf9cd03e1df.jpg\", \"storage\": \"django.core.files.storage.filesystem.FileSystemStorage\", \"size\": [334, 398]}"}}, {"model": "thumbnail.kvstore", "pk": "sorl-thumbnail||image||3136415b4e081648908db07e9b04facf", "fields": {"value": "{\"name\": \"cache/d1/aa/d1aad86a4b7efdd41ae6f0f24ad807e3.jpg\", \"storage\": \"django.core.files.storage.filesystem.FileSystemStorage\", \"size\": [597, 398]}"}}, {"model": "thumbnail.kvstore", "pk": "sorl-thumbnail||image||34bdcb3262855f22980be81f963d15ca", "fields": {"value": "{\"name\": \"images/products/-2147483648_-210591.jpg\", \"storage\": \"django.core.files.storage.filesystem.FileSystemStorage\", \"size\": [600, 714]}"}}, {"model": "thumbnail.kvstore", "pk": "sorl-thumbnail||image||35410d162116589773d596299ab6b919", "fields": {"value": "{\"name\": \"cache/6b/d3/6bd3ea387e26b8e015f1e16da765339b.jpg\", \"storage\": \"django.core.files.storage.filesystem.FileSystemStorage\", \"size\": [291, 500]}"}}, {"model": "thumbnail.kvstore", "pk": "sorl-thumbnail||image||377463b11d36e0fb8fbade399d87766d", "fields": {"value": "{\"name\": \"cache/a5/c9/a5c9bea133995bfeba2ef93f27439331.jpg\", \"storage\": \"django.core.files.storage.filesystem.FileSystemStorage\", \"size\": [862, 398]}"}}, {"model": "thumbnail.kvstore", "pk": "sorl-thumbnail||image||3bf1a457bfcad042568a28e760023922", "fields": {"value": "{\"name\": \"cache/5c/4d/5c4d6c4e837656f23ed37f94bb73e172.jpg\", \"storage\": \"django.core.files.storage.filesystem.FileSystemStorage\", \"size\": [900, 600]}"}}, {"model": "thumbnail.kvstore", "pk": "sorl-thumbnail||image||40510157d4cf0b8e3ea848f141ea510b", "fields": {"value": "{\"name\": \"cache/44/45/4445711603b53c08a0db008182d1dfbd.jpg\", \"storage\": \"django.core.files.storage.filesystem.FileSystemStorage\", \"size\": [900, 600]}"}}, {"model": "thumbnail.kvstore", "pk": "sorl-thumbnail||image||4831aa459b8f586bbc10b7e40e19133d", "fields": {"value": "{\"name\": \"images/products/Screenshot_20260210_144537_Canva.jpg\", \"storage\": \"django.core.files.storage.filesystem.FileSystemStorage\", \"size\": [940, 1711]}"}}, {"model": "thumbnail.kvstore", "pk": "sorl-thumbnail||image||4a355f90c96798d3153f188473b98745", "fields": {"value": "{\"name\": \"images/products/-2147483648_-210226_bnmt8EL.jpg\", \"storage\": \"django.core.files.storage.filesystem.FileSystemStorage\", \"size\": [1920, 1281]}"}}, {"model": "thumbnail.kvstore", "pk": "sorl-thumbnail||image||4a92778e83d47dbc4024d9efc9ab79a7", "fields": {"value": "{\"name\": \"cache/2e/45/2e45932127bda9d9b9aad7da71ed698d.jpg\", \"storage\": \"django.core.files.storage.filesystem.FileSystemStorage\", \"size\": [862, 398]}"}}, {"model": "thumbnail.kvstore", "pk": "sorl-thumbnail||image||4fa380992854d4937dcecadf5d79858d", "fields": {"value": "{\"name\": \"cache/76/4f/764f2de9787b0d2aad78eeba5717373f.jpg\", \"storage\": \"django.core.files.storage.filesystem.FileSystemStorage\", \"size\": [862, 398]}"}}, {"model": "thumbnail.kvstore", "pk": "sorl-thumbnail||image||53bd71fc6d758331da92ddc17cf3c79b", "fields": {"value": "{\"name\": \"cache/e3/12/e3124e43399794d552c528543be3b977.jpg\", \"storage\": \"django.core.files.storage.filesystem.FileSystemStorage\", \"size\": [862, 398]}"}}, {"model": "thumbnail.kvstore", "pk": "sorl-thumbnail||image||54f09513b22013b7abe5c05e25245dfd", "fields": {"value": "{\"name\": \"cache/8c/87/8c87fa24ff6a6f72fd8271768d2af43b.jpg\", \"storage\": \"django.core.files.storage.filesystem.FileSystemStorage\", \"size\": [900, 600]}"}}, {"model": "thumbnail.kvstore", "pk": "sorl-thumbnail||image||5617a878de01a6a0621336dfb58d8059", "fields": {"value": "{\"name\": \"cache/04/7f/047f088940f7f437a0fec0b85d592d5f.jpg\", \"storage\": \"django.core.files.storage.filesystem.FileSystemStorage\", \"size\": [862, 398]}"}}, {"model": "thumbnail.kvstore", "pk": "sorl-thumbnail||image||599cf85fb9da706813a8da51301ba518", "fields": {"value": "{\"name\": \"articles/-2147483648_-210232.jpg\", \"storage\": \"django.core.files.storage.filesystem.FileSystemStorage\", \"size\": [1536, 1920]}"}}, {"model": "thumbnail.kvstore", "pk": "sorl-thumbnail||image||5e8df93528af6e6726f67e9ac8801c8d", "fields": {"value": "{\"name\": \"cache/fd/97/fd979a6cd289d1856fedbb5977f4a798.jpg\", \"storage\": \"django.core.files.storage.filesystem.FileSystemStorage\", \"size\": [268, 250]}"}}, {"model": "thumbnail.kvstore", "pk": "sorl-thumbnail||image||5edde94ac7bcfe20d56bf93ec82d6deb", "fields": {"value": "{\"name\": \"images/products/Screenshot_20260210_145519_Canva.jpg\", \"storage\": \"django.core.files.storage.filesystem.FileSystemStorage\", \"size\": [760, 1262]}"}}, {"model": "thumbnail.kvstore", "pk": "sorl-thumbnail||image||5f60e20f62cc0b0be4222b02bd74353f", "fields": {"value": "{\"name\": \"cache/73/f1/73f1c64b68f8128b9588f181ba93b825.jpg\", \"storage\": \"django.core.files.storage.filesystem.FileSystemStorage\", \"size\": [750, 500]}"}}, {"model": "thumbnail.kvstore", "pk": "sorl-thumbnail||image||6056cb8ea07c2a0129d7267d4e5d0761", "fields": {"value": "{\"name\": \"cache/92/11/9211d2995dff3a4add6079a350c93b83.jpg\", \"storage\": \"django.core.files.storage.filesystem.FileSystemStorage\", \"size\": [465, 800]}"}}, {"model": "thumbnail.kvstore", "pk": "sorl-thumbnail||image||605d02e162baed60501190e6299c22bb", "fields": {"value": "{\"name\": \"cache/4b/99/4b99cec020903a7286f503f72c160716.jpg\", \"storage\": \"django.core.files.storage.filesystem.FileSystemStorage\", \"size\": [562, 375]}"}}, {"model": "thumbnail.kvstore", "pk": "sorl-thumbnail||image||61d1f1823fd5fe3e2d0968f5205eed40", "fields": {"value": "{\"name\": \"images/products/Screenshot_20260209_172542_Google.jpg\", \"storage\": \"django.core.files.storage.filesystem.FileSystemStorage\", \"size\": [776, 937]}"}}, {"model": "thumbnail.kvstore", "pk": "sorl-thumbnail||image||61fb90bce95da059166db78ab2a3f93d", "fields": {"value": "{\"name\": \"articles/-2147483648_-210591.jpg\", \"storage\": \"django.core.files.storage.filesystem.FileSystemStorage\", \"size\": [600, 714]}"}}, {"model": "thumbnail.kvstore", "pk": "sorl-thumbnail||image||6c5aff42b96ba68c0789ea71131ceef6", "fields": {"value": "{\"name\": \"cache/1c/f0/1cf0ed3712c66ac7856eb26b7bb8170f.jpg\", \"storage\": \"django.core.files.storage.filesystem.FileSystemStorage\", \"size\": [750, 500]}"}}, {"model": "thumbnail.kvstore", "pk": "sorl-thumbnail||image||70d6e291fac92ddf2529c4a50ef256a7", "fields": {"value": "{\"name\": \"cache/1e/6b/1e6b10b8672d06e6eb0fa0e726637d94.jpg\", \"storage\": \"django.core.files.storage.filesystem.FileSystemStorage\", \"size\": [862, 398]}"}}, {"model": "thumbnail.kvstore", "pk": "sorl-thumbnail||image||732c5a0dfcc1e4b29cc3f5c0c96489c8", "fields": {"value": "{\"name\": \"cache/75/f6/75f6ac22d2d459593c8ddb1a3a3858ce.jpg\", \"storage\": \"django.core.files.storage.filesystem.FileSystemStorage\", \"size\": [268, 250]}"}}, {"model": "thumbnail.kvstore", "pk": "sorl-thumbnail||image||7375607e6b3c839dd6c5fac5a7172b47", "fields": {"value": "{\"name\": \"cache/95/da/95dabcef6393cbe417e9c6988c8cafdc.jpg\", \"storage\": \"django.core.files.storage.filesystem.FileSystemStorage\", \"size\": [268, 250]}"}}, {"model": "thumbnail.kvstore", "pk": "sorl-thumbnail||image||7603af8574dbb5928ec007bdfa3c5469", "fields": {"value": "{\"name\": \"images/products/-2147483648_-210236.jpg\", \"storage\": \"django.core.files.storage.filesystem.FileSystemStorage\", \"size\": [1280, 1920]}"}}, {"model": "thumbnail.kvstore", "pk": "sorl-thumbnail||image||7a9b3f1ad59fbfe03baccb406b8e98d1", "fields": {"value": "{\"name\": \"articles/-2147483648_-210614.jpg\", \"storage\": \"django.core.files.storage.filesystem.FileSystemStorage\", \"size\": [1080, 613]}"}}, {"model": "thumbnail.kvstore", "pk": "sorl-thumbnail||image||7b424d201e2d0f2a9e26c544e2e35fa8", "fields": {"value": "{\"name\": \"cache/b8/8d/b88d8c105fd6b8627d9163ab8508da9c.jpg\", \"storage\": \"django.core.files.storage.filesystem.FileSystemStorage\", \"size\": [268, 250]}"}}, {"model": "thumbnail.kvstore", "pk": "sorl-thumbnail||image||7d320ded1587530a3332f185a8b385b5", "fields": {"value": "{\"name\": \"cache/1b/7e/1b7e0f598d2fded23f8fce5833c6be31.jpg\", \"storage\": \"django.core.files.storage.filesystem.FileSystemStorage\", \"size\": [1143, 600]}"}}, {"model": "thumbnail.kvstore", "pk": "sorl-thumbnail||image||7ebf9dd5ca4fe21bdd5c5206185339ec", "fields": {"value": "{\"name\": \"cache/0f/67/0f677300317c9acdf5263b65cb0c23ca.jpg\", \"storage\": \"django.core.files.storage.filesystem.FileSystemStorage\", \"size\": [500, 500]}"}}, {"model": "thumbnail.kvstore", "pk": "sorl-thumbnail||image||7f1f108a8981a0343295b8389149ed4a", "fields": {"value": "{\"name\": \"cache/06/91/0691698cecb9d70233532ec1ebc97dcb.jpg\", \"storage\": \"django.core.files.storage.filesystem.FileSystemStorage\", \"size\": [268, 250]}"}}, {"model": "thumbnail.kvstore", "pk": "sorl-thumbnail||image||802b72cddf6cecaf3135347ea25b1c48", "fields": {"value": "{\"name\": \"images/products/-2147483648_-210246.jpg\", \"storage\": \"django.core.files.storage.filesystem.FileSystemStorage\", \"size\": [1080, 1920]}"}}, {"model": "thumbnail.kvstore", "pk": "sorl-thumbnail||image||88908b554640549f597893705b1ccbc3", "fields": {"value": "{\"name\": \"cache/2f/cb/2fcb8cf2e574388842364188d0f4c8d6.jpg\", \"storage\": \"django.core.files.storage.filesystem.FileSystemStorage\", \"size\": [268, 250]}"}}, {"model": "thumbnail.kvstore", "pk": "sorl-thumbnail||image||89d4f61c50373e51ded46a24fad73f3f", "fields": {"value": "{\"name\": \"cache/6c/88/6c8857d778b0657312f0a15b57d0e11c.jpg\", \"storage\": \"django.core.files.storage.filesystem.FileSystemStorage\", \"size\": [268, 250]}"}}, {"model": "thumbnail.kvstore", "pk": "sorl-thumbnail||image||8f00dbebee4761560d13bc035f0ed468", "fields": {"value": "{\"name\": \"cache/c3/95/c395168a1647a8af730b346024b45944.jpg\", \"storage\": \"django.core.files.storage.filesystem.FileSystemStorage\", \"size\": [268, 250]}"}}, {"model": "thumbnail.kvstore", "pk": "sorl-thumbnail||image||9032d8b09f125e05d4f4a9aab09094a8", "fields": {"value": "{\"name\": \"cache/1d/a1/1da123bb521c5f77e3bca20f96a277b1.jpg\", \"storage\": \"django.core.files.storage.filesystem.FileSystemStorage\", \"size\": [268, 250]}"}}, {"model": "thumbnail.kvstore", "pk": "sorl-thumbnail||image||909bbeff810a75f129c4e2d2d2144f84", "fields": {"value": "{\"name\": \"cache/84/72/847274c182ead4f43ffde2c103a27687.jpg\", \"storage\": \"django.core.files.storage.filesystem.FileSystemStorage\", \"size\": [268, 250]}"}}, {"model": "thumbnail.kvstore", "pk": "sorl-thumbnail||image||94005e2ea8205698f814fefc375ffc5f", "fields": {"value": "{\"name\": \"images/products/girl2_dJFBdY3.jpg\", \"storage\": \"django.core.files.storage.filesystem.FileSystemStorage\", \"size\": [484, 441]}"}}, {"model": "thumbnail.kvstore", "pk": "sorl-thumbnail||image||99dc2ab7d77d6bc9afdc5277a46446f7", "fields": {"value": "{\"name\": \"cache/fc/e0/fce09e5d0684a682012ef787b7733031.jpg\", \"storage\": \"django.core.files.storage.filesystem.FileSystemStorage\", \"size\": [262, 175]}"}}, {"model": "thumbnail.kvstore", "pk": "sorl-thumbnail||image||9af7ed6bfe25c51412fc78747a3db860", "fields": {"value": "{\"name\": \"articles/-2147483648_-210238.jpg\", \"storage\": \"django.core.files.storage.filesystem.FileSystemStorage\", \"size\": [1920, 1280]}"}}, {"model": "thumbnail.kvstore", "pk": "sorl-thumbnail||image||9cb8b0cb1bffb915fca01510389bde9e", "fields": {"value": "{\"name\": \"cache/8f/3c/8f3cf1a4ee0a5dacfa5942202b027f51.jpg\", \"storage\": \"django.core.files.storage.filesystem.FileSystemStorage\", \"size\": [268, 250]}"}}, {"model": "thumbnail.kvstore", "pk": "sorl-thumbnail||image||a67d9a1b3553493f675c51f32aaadc60", "fields": {"value": "{\"name\": \"cache/20/53/2053e0a773fca511650a5156590f88fb.jpg\", \"storage\": \"django.core.files.storage.filesystem.FileSystemStorage\", \"size\": [152, 262]}"}}, {"model": "thumbnail.kvstore", "pk": "sorl-thumbnail||image||a700d61f99c6bc63f41cc3e5e30e9917", "fields": {"value": "{\"name\": \"images/products/DSC02925.jpg\", \"storage\": \"django.core.files.storage.filesystem.FileSystemStorage\", \"size\": [1000, 1000]}"}}, {"model": "thumbnail.kvstore", "pk": "sorl-thumbnail||image||a86595376577c8ddbd4ab948b46411ae", "fields": {"value": "{\"name\": \"cache/38/0d/380d5e028537da7b20e6553f3d61e8f1.jpg\", \"storage\": \"django.core.files.storage.filesystem.FileSystemStorage\", \"size\": [29, 50]}"}}, {"model": "thumbnail.kvstore", "pk": "sorl-thumbnail||image||ac2020d9b76a3725c87b19d779c7d0c4", "fields": {"value": "{\"name\": \"cache/9b/a1/9ba1c30dbecc17ef49e760ef3797030a.jpg\", \"storage\": \"django.core.files.storage.filesystem.FileSystemStorage\", \"size\": [400, 476]}"}}, {"model": "thumbnail.kvstore", "pk": "sorl-thumbnail||image||acd71b0df1728776068b2335b6605bc8", "fields": {"value": "{\"name\": \"cache/d2/1e/d21e80a10a051b679e24956fec05d7fb.jpg\", \"storage\": \"django.core.files.storage.filesystem.FileSystemStorage\", \"size\": [50, 33]}"}}, {"model": "thumbnail.kvstore", "pk": "sorl-thumbnail||image||b0a9513fd747b94fc68d83f47c447acd", "fields": {"value": "{\"name\": \"images/products/-2147483648_-210218.jpg\", \"storage\": \"django.core.files.storage.filesystem.FileSystemStorage\", \"size\": [1280, 1920]}"}}, {"model": "thumbnail.kvstore", "pk": "sorl-thumbnail||image||b1c8f97bc7deb163ebb62e613d0461f1", "fields": {"value": "{\"name\": \"cache/13/d3/13d3f6a38a0fd0435a5e290d9c2de36e.jpg\", \"storage\": \"django.core.files.storage.filesystem.FileSystemStorage\", \"size\": [231, 398]}"}}, {"model": "thumbnail.kvstore", "pk": "sorl-thumbnail||image||b39c03fda8394b5121449dbec58dae10", "fields": {"value": "{\"name\": \"cache/ab/0b/ab0b8a9163954e1650ac7224bd305d47.jpg\", \"storage\": \"django.core.files.storage.filesystem.FileSystemStorage\", \"size\": [862, 398]}"}}, {"model": "thumbnail.kvstore", "pk": "sorl-thumbnail||image||b9442dcaadbff268642fc3bb0544230e", "fields": {"value": "{\"name\": \"cache/9d/91/9d91b95064a916bf0825b72f3e3da9b0.jpg\", \"storage\": \"django.core.files.storage.filesystem.FileSystemStorage\", \"size\": [862, 398]}"}}, {"model": "thumbnail.kvstore", "pk": "sorl-thumbnail||image||c802ebf98c252f21229495c248a32847", "fields": {"value": "{\"name\": \"articles/5809aa3072db607187b64e32fd9ed398.jpg\", \"storage\": \"django.core.files.storage.filesystem.FileSystemStorage\", \"size\": [1280, 1280]}"}}, {"model": "thumbnail.kvstore", "pk": "sorl-thumbnail||image||d4ca3de5779a9b8e5cbe612097dde27e", "fields": {"value": "{\"name\": \"articles/Screenshot_20260210_145306_Canva.jpg\", \"storage\": \"django.core.files.storage.filesystem.FileSystemStorage\", \"size\": [770, 1324]}"}}, {"model": "thumbnail.kvstore", "pk": "sorl-thumbnail||image||d5c320081840ef4eec302648577142b4", "fields": {"value": "{\"name\": \"images/products/-2147483648_-210212.jpg\", \"storage\": \"django.core.files.storage.filesystem.FileSystemStorage\", \"size\": [1920, 1280]}"}}, {"model": "thumbnail.kvstore", "pk": "sorl-thumbnail||image||d75464bfc404937a3f6ec610d975456b", "fields": {"value": "{\"name\": \"images/products/-2147483648_-210583.jpg\", \"storage\": \"django.core.files.storage.filesystem.FileSystemStorage\", \"size\": [1280, 1920]}"}}, {"model": "thumbnail.kvstore", "pk": "sorl-thumbnail||image||d763ecd17a4d1d52ee82104090a8d53a", "fields": {"value": "{\"name\": \"cache/d2/e6/d2e6b8e9a62b19c092eab6115e3ca8d1.jpg\", \"storage\": \"django.core.files.storage.filesystem.FileSystemStorage\", \"size\": [268, 250]}"}}, {"model": "thumbnail.kvstore", "pk": "sorl-thumbnail||image||d9b5e28de7fe64b60047bd7b0548ffba", "fields": {"value": "{\"name\": \"cache/8e/f3/8ef362c157f58a71a35011649d8118ce.jpg\", \"storage\": \"django.core.files.storage.filesystem.FileSystemStorage\", \"size\": [116, 200]}"}}, {"model": "thumbnail.kvstore", "pk": "sorl-thumbnail||image||dbdf3bd804de13c6295fdb4e6c7c152f", "fields": {"value": "{\"name\": \"cache/e5/c6/e5c671dce639ab2b42be92c46565118c.jpg\", \"storage\": \"django.core.files.storage.filesystem.FileSystemStorage\", \"size\": [862, 398]}"}}, {"model": "thumbnail.kvstore", "pk": "sorl-thumbnail||image||dbe2587b688dc5941242d860b165a039", "fields": {"value": "{\"name\": \"images/products/Screenshot_20260210_145155_Canva.jpg\", \"storage\": \"django.core.files.storage.filesystem.FileSystemStorage\", \"size\": [693, 1291]}"}}, {"model": "thumbnail.kvstore", "pk": "sorl-thumbnail||image||dd5f6ddbb244da1f3ea75e9869b6f089", "fields": {"value": "{\"name\": \"cache/27/15/2715bc1371d5e75fbfcf713dcf8a8d8a.jpg\", \"storage\": \"django.core.files.storage.filesystem.FileSystemStorage\", \"size\": [420, 500]}"}}, {"model": "thumbnail.kvstore", "pk": "sorl-thumbnail||image||dff68bd07f4025ac9662fbf854cc0ba7", "fields": {"value": "{\"name\": \"images/products/Screenshot_20260210_144752_Canva.jpg\", \"storage\": \"django.core.files.storage.filesystem.FileSystemStorage\", \"size\": [890, 1014]}"}}, {"model": "thumbnail.kvstore", "pk": "sorl-thumbnail||image||e73dbb7201cd662dad73d8a3787f77ab", "fields": {"value": "{\"name\": \"cache/59/d2/59d22a0c0202b09c768799157594efb3.jpg\", \"storage\": \"django.core.files.storage.filesystem.FileSystemStorage\", \"size\": [400, 267]}"}}, {"model": "thumbnail.kvstore", "pk": "sorl-thumbnail||image||ebf517c19fa7c5e0ad588ecda659527e", "fields": {"value": "{\"name\": \"cache/d9/14/d91486975f523863c2b8beed86accf19.jpg\", \"storage\": \"django.core.files.storage.filesystem.FileSystemStorage\", \"size\": [268, 250]}"}}, {"model": "thumbnail.kvstore", "pk": "sorl-thumbnail||image||ec051ef1773afe92608991b1ad17f5fd", "fields": {"value": "{\"name\": \"cache/a1/0e/a10e5b53cfc5a608c5b69a4f863e293b.jpg\", \"storage\": \"django.core.files.storage.filesystem.FileSystemStorage\", \"size\": [862, 398]}"}}, {"model": "thumbnail.kvstore", "pk": "sorl-thumbnail||image||f16a713e6bbc9428f8055f8116f00d9b", "fields": {"value": "{\"name\": \"cache/88/88/88881ff1da6fd484a2a9b259938f2617.jpg\", \"storage\": \"django.core.files.storage.filesystem.FileSystemStorage\", \"size\": [268, 250]}"}}, {"model": "thumbnail.kvstore", "pk": "sorl-thumbnail||image||f5a1f982c5430be64f1656d408ac29cd", "fields": {"value": "{\"name\": \"cache/e8/aa/e8aa6fe8272c26a6f3237e0d5740a35a.jpg\", \"storage\": \"django.core.files.storage.filesystem.FileSystemStorage\", \"size\": [268, 250]}"}}, {"model": "thumbnail.kvstore", "pk": "sorl-thumbnail||image||f61076befdcf7fbf2b82b8b9135fed42", "fields": {"value": "{\"name\": \"cache/a8/45/a8450c59d2d245a50dc7de270449a41d.jpg\", \"storage\": \"django.core.files.storage.filesystem.FileSystemStorage\", \"size\": [291, 500]}"}}, {"model": "thumbnail.kvstore", "pk": "sorl-thumbnail||image||f68a1ac14695e95f19e915218d1aaf75", "fields": {"value": "{\"name\": \"cache/dc/b9/dcb96a4383e7a303599f55f9f0f7cde1.jpg\", \"storage\": \"django.core.files.storage.filesystem.FileSystemStorage\", \"size\": [400, 400]}"}}, {"model": "thumbnail.kvstore", "pk": "sorl-thumbnail||image||f9ca1a93123c3e314c2d508c6c0cfca6", "fields": {"value": "{\"name\": \"cache/98/a2/98a27248702d6907338e3984102f0fa2.jpg\", \"storage\": \"django.core.files.storage.filesystem.FileSystemStorage\", \"size\": [400, 688]}"}}, {"model": "thumbnail.kvstore", "pk": "sorl-thumbnail||image||fa246331e5c0f107d8510cc8bee205ee", "fields": {"value": "{\"name\": \"articles/-2147483648_-210439.jpg\", \"storage\": \"django.core.files.storage.filesystem.FileSystemStorage\", \"size\": [1920, 960]}"}}, {"model": "thumbnail.kvstore", "pk": "sorl-thumbnail||image||fae871f7d2401af59b003e6d8db644d4", "fields": {"value": "{\"name\": \"cache/44/31/4431f17410926604d0ff8b742cf8c44f.jpg\", \"storage\": \"django.core.files.storage.filesystem.FileSystemStorage\", \"size\": [523, 900]}"}}, {"model": "thumbnail.kvstore", "pk": "sorl-thumbnail||image||fe2da157e76d2447cb4dded29c7cedd1", "fields": {"value": "{\"name\": \"cache/35/f4/35f485b067356753a610b1cdfc22c95e.jpg\", \"storage\": \"django.core.files.storage.filesystem.FileSystemStorage\", \"size\": [262, 175]}"}}, {"model": "thumbnail.kvstore", "pk": "sorl-thumbnail||image||ffbb2ce1ef0173972754275d2adb8259", "fields": {"value": "{\"name\": \"cache/fe/e5/fee55b054e1713f15adbef89fac7e316.jpg\", \"storage\": \"django.core.files.storage.filesystem.FileSystemStorage\", \"size\": [862, 398]}"}}, {"model": "thumbnail.kvstore", "pk": "sorl-thumbnail||thumbnails||02606d3d297e5f6b2fb7ba97242168d1", "fields": {"value": "[\"0583fd2b7548fb8c5722948dda9c42a0\"]"}}, {"model": "thumbnail.kvstore", "pk": "sorl-thumbnail||thumbnails||114c0076f31ac23d0a729ebf09ff5794", "fields": {"value": "[\"b9442dcaadbff268642fc3bb0544230e\"]"}}, {"model": "thumbnail.kvstore", "pk": "sorl-thumbnail||thumbnails||191f13fa24c3094c3019cc7aaf4f6a3a", "fields": {"value": "[\"7d320ded1587530a3332f185a8b385b5\", \"4a92778e83d47dbc4024d9efc9ab79a7\"]"}}, {"model": "thumbnail.kvstore", "pk": "sorl-thumbnail||thumbnails||1c2436d2a6b0b4e42eecdb24f524c6f1", "fields": {"value": "[\"b39c03fda8394b5121449dbec58dae10\", \"29839374a107b07004b4c36c55c601c5\"]"}}, {"model": "thumbnail.kvstore", "pk": "sorl-thumbnail||thumbnails||1d692663a97a1fcac90049717e3eece3", "fields": {"value": "[\"53bd71fc6d758331da92ddc17cf3c79b\"]"}}, {"model": "thumbnail.kvstore", "pk": "sorl-thumbnail||thumbnails||286f0f8b74338ec3b3b661825f42a913", "fields": {"value": "[\"f5a1f982c5430be64f1656d408ac29cd\"]"}}, {"model": "thumbnail.kvstore", "pk": "sorl-thumbnail||thumbnails||2c310ba5988e52f6bdb106ba7f7c2d7d", "fields": {"value": "[\"9cb8b0cb1bffb915fca01510389bde9e\"]"}}, {"model": "thumbnail.kvstore", "pk": "sorl-thumbnail||thumbnails||2f29bbf17d0e702c303c61ae638c6927", "fields": {"value": "[\"7f1f108a8981a0343295b8389149ed4a\"]"}}, {"model": "thumbnail.kvstore", "pk": "sorl-thumbnail||thumbnails||34bdcb3262855f22980be81f963d15ca", "fields": {"value": "[\"88908b554640549f597893705b1ccbc3\"]"}}, {"model": "thumbnail.kvstore", "pk": "sorl-thumbnail||thumbnails||4831aa459b8f586bbc10b7e40e19133d", "fields": {"value": "[\"9032d8b09f125e05d4f4a9aab09094a8\"]"}}, {"model": "thumbnail.kvstore", "pk": "sorl-thumbnail||thumbnails||4a355f90c96798d3153f188473b98745", "fields": {"value": "[\"909bbeff810a75f129c4e2d2d2144f84\"]"}}, {"model": "thumbnail.kvstore", "pk": "sorl-thumbnail||thumbnails||599cf85fb9da706813a8da51301ba518", "fields": {"value": "[\"5617a878de01a6a0621336dfb58d8059\"]"}}, {"model": "thumbnail.kvstore", "pk": "sorl-thumbnail||thumbnails||5edde94ac7bcfe20d56bf93ec82d6deb", "fields": {"value": "[\"ebf517c19fa7c5e0ad588ecda659527e\"]"}}, {"model": "thumbnail.kvstore", "pk": "sorl-thumbnail||thumbnails||61d1f1823fd5fe3e2d0968f5205eed40", "fields": {"value": "[\"7375607e6b3c839dd6c5fac5a7172b47\"]"}}, {"model": "thumbnail.kvstore", "pk": "sorl-thumbnail||thumbnails||61fb90bce95da059166db78ab2a3f93d", "fields": {"value": "[\"1ba57f3d9b8d96f6d40deb0443b7fbec\", \"ac2020d9b76a3725c87b19d779c7d0c4\", \"dd5f6ddbb244da1f3ea75e9869b6f089\", \"70d6e291fac92ddf2529c4a50ef256a7\", \"30071fb3506ef0c95e512495f19f62be\"]"}}, {"model": "thumbnail.kvstore", "pk": "sorl-thumbnail||thumbnails||7603af8574dbb5928ec007bdfa3c5469", "fields": {"value": "[\"7b424d201e2d0f2a9e26c544e2e35fa8\"]"}}, {"model": "thumbnail.kvstore", "pk": "sorl-thumbnail||thumbnails||7a9b3f1ad59fbfe03baccb406b8e98d1", "fields": {"value": "[\"08ede059e8f60ab5e60e3763ecb34cd6\", \"ec051ef1773afe92608991b1ad17f5fd\"]"}}, {"model": "thumbnail.kvstore", "pk": "sorl-thumbnail||thumbnails||802b72cddf6cecaf3135347ea25b1c48", "fields": {"value": "[\"8f00dbebee4761560d13bc035f0ed468\"]"}}, {"model": "thumbnail.kvstore", "pk": "sorl-thumbnail||thumbnails||94005e2ea8205698f814fefc375ffc5f", "fields": {"value": "[\"26759c4d98883462489e891bd7dd046e\"]"}}, {"model": "thumbnail.kvstore", "pk": "sorl-thumbnail||thumbnails||9af7ed6bfe25c51412fc78747a3db860", "fields": {"value": "[\"99dc2ab7d77d6bc9afdc5277a46446f7\", \"e73dbb7201cd662dad73d8a3787f77ab\", \"3bf1a457bfcad042568a28e760023922\", \"acd71b0df1728776068b2335b6605bc8\", \"54f09513b22013b7abe5c05e25245dfd\", \"40510157d4cf0b8e3ea848f141ea510b\", \"5f60e20f62cc0b0be4222b02bd74353f\", \"6c5aff42b96ba68c0789ea71131ceef6\", \"fe2da157e76d2447cb4dded29c7cedd1\", \"605d02e162baed60501190e6299c22bb\", \"377463b11d36e0fb8fbade399d87766d\", \"3136415b4e081648908db07e9b04facf\"]"}}, {"model": "thumbnail.kvstore", "pk": "sorl-thumbnail||thumbnails||a700d61f99c6bc63f41cc3e5e30e9917", "fields": {"value": "[\"214801b2499c48f9f8e9215c18eed3be\"]"}}, {"model": "thumbnail.kvstore", "pk": "sorl-thumbnail||thumbnails||b0a9513fd747b94fc68d83f47c447acd", "fields": {"value": "[\"732c5a0dfcc1e4b29cc3f5c0c96489c8\"]"}}, {"model": "thumbnail.kvstore", "pk": "sorl-thumbnail||thumbnails||c802ebf98c252f21229495c248a32847", "fields": {"value": "[\"1c87446d5c83d71da59c8289acc742fc\", \"7ebf9dd5ca4fe21bdd5c5206185339ec\", \"4fa380992854d4937dcecadf5d79858d\", \"f68a1ac14695e95f19e915218d1aaf75\", \"2b50919b25da9bf7b22ede4de063cc12\"]"}}, {"model": "thumbnail.kvstore", "pk": "sorl-thumbnail||thumbnails||d4ca3de5779a9b8e5cbe612097dde27e", "fields": {"value": "[\"35410d162116589773d596299ab6b919\", \"b1c8f97bc7deb163ebb62e613d0461f1\", \"6056cb8ea07c2a0129d7267d4e5d0761\", \"fae871f7d2401af59b003e6d8db644d4\", \"a86595376577c8ddbd4ab948b46411ae\", \"f61076befdcf7fbf2b82b8b9135fed42\", \"0f057cbc5cf3cf1359a4ced2059ecbd9\", \"dbdf3bd804de13c6295fdb4e6c7c152f\", \"2ec9849befb2fb23834aa6450525cae0\", \"a67d9a1b3553493f675c51f32aaadc60\", \"f9ca1a93123c3e314c2d508c6c0cfca6\", \"d9b5e28de7fe64b60047bd7b0548ffba\"]"}}, {"model": "thumbnail.kvstore", "pk": "sorl-thumbnail||thumbnails||d5c320081840ef4eec302648577142b4", "fields": {"value": "[\"89d4f61c50373e51ded46a24fad73f3f\"]"}}, {"model": "thumbnail.kvstore", "pk": "sorl-thumbnail||thumbnails||d75464bfc404937a3f6ec610d975456b", "fields": {"value": "[\"f16a713e6bbc9428f8055f8116f00d9b\"]"}}, {"model": "thumbnail.kvstore", "pk": "sorl-thumbnail||thumbnails||dbe2587b688dc5941242d860b165a039", "fields": {"value": "[\"d763ecd17a4d1d52ee82104090a8d53a\"]"}}, {"model": "thumbnail.kvstore", "pk": "sorl-thumbnail||thumbnails||dff68bd07f4025ac9662fbf854cc0ba7", "fields": {"value": "[\"5e8df93528af6e6726f67e9ac8801c8d\"]"}}, {"model": "thumbnail.kvstore", "pk": "sorl-thumbnail||thumbnails||fa246331e5c0f107d8510cc8bee205ee", "fields": {"value": "[\"ffbb2ce1ef0173972754275d2adb8259\"]"}}, {"model": "product_module.brand", "pk": 1, "fields": {"title": "zara", "url_title": "zara", "is_active": true}}, {"model": "product_module.brand", "pk": 3, "fields": {"title": "Meybellin", "url_title": "Meybellin", "is_active": true}}, {"model": "product_module.brand", "pk": 5, "fields": {"title": "Levis", "url_title": "Levis", "is_active": true}}, {"model": "product_module.category", "pk": 1, "fields": {"title": "پوشاک زنانه", "url_title": "poshak", "is_active": true, "is_deleted": false}}, {"model": "product_module.category", "pk": 2, "fields": {"title": "آرایشی", "url_title": "arayeshi", "is_active": true, "is_deleted": false}}, {"model": "product_module.category", "pk": 4, "fields": {"title": "پوشاک مردانه", "url_title": "poshak mardaneh", "is_active": true, "is_deleted": false}}, {"model": "product_module.products", "pk": 2, "fields": {"title": "رژ لب مات-Meybellin", "price": 9500000, "brand": 3, "image": "images/products/Screenshot_20260210_144537_Canva.jpg", "short_description": "رژ لب مات با ماندگاری بالا و بافت مخملی", "description": "رژ لب Meybellin با فرمولاسیون سبک، بدون ایجاد خشکی روی لب‌ها پخش می‌شود. پیگمنت بالا و ماندگاری طولانی آن باعث می‌شود در طول روز نیاز به تمدید مکرر نداشته باشید. مناسب آرایش روزانه و مجلسی.", "slug": "rj-lb-mt", "is_active": true, "is_deleted": false, "category": [2]}}, {"model": "product_module.products", "pk": 3, "fields": {"title": "کرم پودر آرایشی-Mybellin", "price": 15000000, "brand": 3, "image": "images/products/Screenshot_20260210_145155_Canva.jpg", "short_description": "کرم پودر مایع با پوشش طبیعی و سبک.", "description": "این کرمپودر بافتی نرم و یکنواخت دارد و به خوبی نواقص پوست را پوشش میدهد بدون اینکه حس سنگینی ایجاد کن. \r\nمناسب پوستچرب.  جلوه ای طبیعی و مات به چهره میبخشد .", "slug": "khrm-pwdr-aryshy-mybellin", "is_active": true, "is_deleted": false, "category": [2]}}, {"model": "product_module.products", "pk": 4, "fields": {"title": "ریمل حجم دهنده-Mebrllin", "price": 8500000, "brand": 3, "image": "images/products/Screenshot_20260210_144752_Canva.jpg", "short_description": "ریمل حجم‌دهنده با برس حرفه‌ای.", "description": "ریمل Mebrllin با برس خاص خود، مژه‌ها را از هم جدا کرده و حجم قابل توجهی ایجاد می‌کند. بدون ریزش و مناسب استفاده روزانه و مهمانی‌ها.", "slug": "ryml-hjm-dhndh-mebrllin", "is_active": true, "is_deleted": false, "category": [2]}}, {"model": "product_module.products", "pk": 5, "fields": {"title": "تیشرت مردانه یقه گرد", "price": 3400000, "brand": 1, "image": "images/products/Screenshot_20260209_172542_Google.jpg", "short_description": "تیشرت نخی ساده، مناسب استفاده روزمره با فرم استاندارد.", "description": "این تیشرت مردانه از پارچه ۱۰۰٪ نخ پنبه تولید شده و به‌دلیل تنفس‌پذیری بالا، گزینه‌ای عالی برای استفاده روزانه است. برش Basic Fit باعث می‌شود روی بدن خوش‌فرم بایستد و در عین حال آزادی حرکت را حفظ کند. مناسب استایل‌های کژوال و اسپرت.", "slug": "tyshrt-mrdnh-yqh-grd", "is_active": true, "is_deleted": false, "category": [4]}}, {"model": "product_module.products", "pk": 6, "fields": {"title": "هودی زنانه کلاه دار", "price": 3400000, "brand": 1, "image": "images/products/-2147483648_-210583.jpg", "short_description": "هودی گرم و راحت با طراحی آزاد و مدرن.", "description": "این هودی زنانه با طراحی Oversize، انتخابی مناسب برای فصل پاییز و زمستان است. داخل آن دارای لایه گرم و نرم بوده و کلاه قابل تنظیم دارد. استایل مینیمال آن باعث می‌شود به‌راحتی با انواع شلوار جین یا لگ ست شود.", "slug": "tyshrt-mrdnh-yqh-grd-1", "is_active": true, "is_deleted": false, "category": [1]}}, {"model": "product_module.products", "pk": 7, "fields": {"title": "شلوار جین مردانه", "price": 12000000, "brand": 5, "image": "images/products/-2147483648_-210601.jpg", "short_description": "شلوار جین کلاسیک با برش اسلیم و پارچه باکیفیت.", "description": "این شلوار جین با برش Slim Fit طراحی شده و ظاهر شیک و امروزی به استایل شما می‌دهد. پارچه مقاوم و دوخت حرفه‌ای آن باعث دوام بالا در استفاده طولانی‌مدت می‌شود. مناسب استفاده روزمره و نیمه‌رسمی.", "slug": "shlwr-jyn-mrdnh", "is_active": true, "is_deleted": false, "category": [4]}}, {"model": "product_module.products", "pk": 8, "fields": {"title": "شلوار جین زنانه", "price": 14000000, "brand": 5, "image": "images/products/-2147483648_-210591.jpg", "short_description": "شلوار جین کلاسیک با برش اسلیم و پارچه باکیفیت.", "description": "این شلوار جین با برش Slim Fit طراحی شده و ظاهر شیک و امروزی به استایل شما می‌دهد. پارچه مقاوم و دوخت حرفه‌ای آن باعث دوام بالا در استفاده طولانی‌مدت می‌شود. مناسب استفاده روزمره و نیمه‌رسمی.", "slug": "shlwr-jyn-znnh", "is_active": true, "is_deleted": false, "category": [1]}}, {"model": "product_module.products", "pk": 11, "fields": {"title": "هودی مردانه", "price": 17500000, "brand": 1, "image": "images/products/DSC02925.jpg", "short_description": "هودی مردانه راحت و مناسب استفاده روزمره.", "description": "هودی مردانه یک انتخاب عالی برای فصل‌های پاییز و زمستان است و به دلیل طراحی ساده و راحت، برای استفاده روزمره بسیار مناسب می‌باشد. این هودی از جنس نرم و گرم تهیه شده و حس راحتی خوبی هنگام پوشیدن ایجاد می‌کند. طراحی ساده آن باعث می‌شود به راحتی با شلوار جین یا اسلش ست شود و برای استایل اسپرت گزینه‌ای کاربردی باشد.", "slug": "hwdy-mrdnh", "is_active": true, "is_deleted": false, "category": [4]}}, {"model": "product_module.products", "pk": 12, "fields": {"title": "کرم پودر-156", "price": 12000000, "brand": 3, "image": "images/products/Screenshot_20260210_145519_Canva.jpg", "short_description": "کرم پودر مایع با پوشش طبیعی و سبک.", "description": "این کرمپودر بافتی نرم و یکنواخت دارد و به خوبی نواقص پوست را پوشش میدهد بدون اینکه حس سنگینی ایجاد کن. \r\nمناسب پوستچرب.  جلوه ای طبیعی و مات به چهره میبخشد .", "slug": "khrm-pwdr-156", "is_active": true, "is_deleted": false, "category": [2]}}, {"model": "product_module.size", "pk": 1, "fields": {"name": "L"}}, {"model": "product_module.size", "pk": 2, "fields": {"name": "XL"}}, {"model": "product_module.size", "pk": 3, "fields": {"name": "50ml"}}, {"model": "product_module.size", "pk": 4, "fields": {"name": "full size"}}, {"model": "product_module.size", "pk": 5, "fields": {"name": "400ml"}}, {"model": "product_module.size", "pk": 6, "fields": {"name": "250ml"}}, {"model": "product_module.size", "pk": 7, "fields": {"name": "38"}}, {"model": "product_module.size", "pk": 8, "fields": {"name": "40"}}, {"model": "product_module.size", "pk": 9, "fields": {"name": "42"}}, {"model": "product_module.size", "pk": 10, "fields": {"name": "100ml"}}, {"model": "product_module.color", "pk": 1, "fields": {"name": "آبی"}}, {"model": "product_module.color", "pk": 2, "fields": {"name": "سفید"}}, {"model": "product_module.color", "pk": 4, "fields": {"name": "بنفش"}}, {"model": "product_module.color", "pk": 5, "fields": {"name": "روشن"}}, {"model": "product_module.color", "pk": 6, "fields": {"name": "طبیعی"}}, {"model": "product_module.color", "pk": 7, "fields": {"name": "تیره"}}, {"model": "product_module.color", "pk": 8, "fields": {"name": "قرمز کلاسیک"}}, {"model": "product_module.color", "pk": 9, "fields": {"name": "مشکی"}}, {"model": "product_module.color", "pk": 10, "fields": {"name": "قهوه ای"}}, {"model": "product_module.color", "pk": 11, "fields": {"name": null}}, {"model": "product_module.color", "pk": 12, "fields": {"name": "--"}}, {"model": "product_module.productvariant", "pk": 5, "fields": {"product": 3, "size": 3, "color": 5, "stock": 5, "price": null, "image": ""}}, {"model": "product_module.productvariant", "pk": 6, "fields": {"product": 3, "size": 3, "color": 6, "stock": 4, "price": null, "image": ""}}, {"model": "product_module.productvariant", "pk": 7, "fields": {"product": 3, "size": 3, "color": 7, "stock": 4, "price": null, "image": ""}}, {"model": "product_module.productvariant", "pk": 8, "fields": {"product": 2, "size": 4, "color": 8, "stock": 8, "price": null, "image": ""}}, {"model": "product_module.productvariant", "pk": 9, "fields": {"product": 4, "size": 4, "color": 9, "stock": 5, "price": null, "image": ""}}, {"model": "product_module.productvariant", "pk": 10, "fields": {"product": 4, "size": 4, "color": 10, "stock": 6, "price": null, "image": ""}}, {"model": "product_module.productvariant", "pk": 11, "fields": {"product": 5, "size": 2, "color": 1, "stock": 2, "price": 4500000, "image": ""}}, {"model": "product_module.productvariant", "pk": 12, "fields": {"product": 5, "size": 2, "color": 9, "stock": 2, "price": null, "image": ""}}, {"model": "product_module.productvariant", "pk": 13, "fields": {"product": 5, "size": 1, "color": 2, "stock": 1, "price": null, "image": ""}}, {"model": "product_module.productvariant", "pk": 14, "fields": {"product": 5, "size": 1, "color": 4, "stock": 4, "price": null, "image": ""}}, {"model": "product_module.productvariant", "pk": 15, "fields": {"product": 6, "size": 2, "color": 2, "stock": 3, "price": null, "image": ""}}, {"model": "product_module.productvariant", "pk": 16, "fields": {"product": 6, "size": 2, "color": 4, "stock": 3, "price": null, "image": ""}}, {"model": "product_module.productvariant", "pk": 17, "fields": {"product": 6, "size": 1, "color": 2, "stock": 3, "price": null, "image": ""}}, {"model": "product_module.productvariant", "pk": 18, "fields": {"product": 6, "size": 1, "color": 4, "stock": 3, "price": null, "image": ""}}, {"model": "product_module.productvariant", "pk": 19, "fields": {"product": 7, "size": 7, "color": 9, "stock": 3, "price": null, "image": ""}}, {"model": "product_module.productvariant", "pk": 20, "fields": {"product": 7, "size": 8, "color": 9, "stock": 3, "price": null, "image": ""}}, {"model": "product_module.productvariant", "pk": 21, "fields": {"product": 7, "size": 9, "color": 9, "stock": 3, "price": null, "image": ""}}, {"model": "product_module.productvariant", "pk": 22, "fields": {"product": 8, "size": 7, "color": 1, "stock": 4, "price": null, "image": ""}}, {"model": "product_module.productvariant", "pk": 23, "fields": {"product": 8, "size": 7, "color": 9, "stock": 5, "price": 15000000, "image": ""}}, {"model": "product_module.productvariant", "pk": 24, "fields": {"product": 8, "size": 8, "color": 1, "stock": 4, "price": null, "image": ""}}, {"model": "product_module.productvariant", "pk": 25, "fields": {"product": 8, "size": 8, "color": 9, "stock": 4, "price": 15000000, "image": ""}}, {"model": "product_module.productvariant", "pk": 26, "fields": {"product": 8, "size": 9, "color": 9, "stock": 3, "price": 15500000, "image": ""}}, {"model": "product_module.productvariant", "pk": 27, "fields": {"product": 8, "size": 9, "color": 1, "stock": 3, "price": null, "image": ""}}, {"model": "product_module.productvariant", "pk": 29, "fields": {"product": 11, "size": 1, "color": 9, "stock": 5, "price": null, "image": ""}}, {"model": "product_module.productvariant", "pk": 30, "fields": {"product": 11, "size": 2, "color": 9, "stock": 3, "price": 18500000, "image": ""}}, {"model": "product_module.productvariant", "pk": 31, "fields": {"product": 11, "size": 1, "color": 2, "stock": 6, "price": null, "image": ""}}, {"model": "product_module.productvariant", "pk": 32, "fields": {"product": 12, "size": 3, "color": 5, "stock": 5, "price": null, "image": ""}}, {"model": "product_module.productvariant", "pk": 33, "fields": {"product": 12, "size": 3, "color": 6, "stock": 2, "price": null, "image": ""}}, {"model": "product_module.productvariant", "pk": 34, "fields": {"product": 12, "size": 3, "color": 7, "stock": 2, "price": null, "image": ""}}, {"model": "product_module.productvariant", "pk": 35, "fields": {"product": 12, "size": 10, "color": 5, "stock": 2, "price": 19000000, "image": ""}}, {"model": "product_module.productvariant", "pk": 36, "fields": {"product": 12, "size": 10, "color": 6, "stock": 5, "price": 19000000, "image": ""}}, {"model": "product_module.productvariant", "pk": 37, "fields": {"product": 12, "size": 10, "color": 7, "stock": 3, "price": 19000000, "image": ""}}, {"model": "product_module.productgallery", "pk": 1, "fields": {"product": 7, "image": "images/product-gallery/-2147483648_-210595.jpg"}}, {"model": "product_module.productgallery", "pk": 2, "fields": {"product": 7, "image": "images/product-gallery/-2147483648_-210593.jpg"}}, {"model": "product_module.productgallery", "pk": 3, "fields": {"product": 7, "image": "images/product-gallery/-2147483648_-210599.jpg"}}, {"model": "product_module.productgallery", "pk": 4, "fields": {"product": 7, "image": "images/product-gallery/-2147483648_-210597.jpg"}}, {"model": "product_module.productgallery", "pk": 5, "fields": {"product": 8, "image": "images/product-gallery/-2147483648_-210589.jpg"}}, {"model": "product_module.productgallery", "pk": 6, "fields": {"product": 8, "image": "images/product-gallery/شلوار-جین-زنانه-نیم-بگ-1.jpg_1.webp"}}, {"model": "product_module.productgallery", "pk": 7, "fields": {"product": 8, "image": "images/product-gallery/-2147483648_-210587.jpg"}}, {"model": "product_module.productgallery", "pk": 8, "fields": {"product": 8, "image": "images/product-gallery/-2147483648_-210585.jpg"}}, {"model": "product_module.productgallery", "pk": 9, "fields": {"product": 6, "image": "images/product-gallery/-2147483648_-210581.jpg"}}, {"model": "product_module.productgallery", "pk": 10, "fields": {"product": 6, "image": "images/product-gallery/-2147483648_-210579.jpg"}}, {"model": "product_module.productgallery", "pk": 11, "fields": {"product": 6, "image": "images/product-gallery/-2147483648_-210577.jpg"}}, {"model": "product_module.productgallery", "pk": 12, "fields": {"product": 6, "image": "images/product-gallery/-2147483648_-210575.jpg"}}, {"model": "product_module.productgallery", "pk": 13, "fields": {"product": 5, "image": "images/product-gallery/-2147483648_-210573.jpg"}}, {"model": "product_module.productgallery", "pk": 14, "fields": {"product": 5, "image": "images/product-gallery/-2147483648_-210571.jpg"}}, {"model": "product_module.productgallery", "pk": 15, "fields": {"product": 5, "image": "images/product-gallery/-2147483648_-210569.jpg"}}, {"model": "product_module.productgallery", "pk": 16, "fields": {"product": 5, "image": "images/product-gallery/5809aa3072db607187b64e32fd9ed398.jpg"}}, {"model": "product_module.productgallery", "pk": 17, "fields": {"product": 5, "image": "images/product-gallery/1663889660_24895.jpg"}}, {"model": "product_module.productgallery", "pk": 18, "fields": {"product": 5, "image": "images/product-gallery/Screenshot_20260209_172449_Google.jpg"}}, {"model": "product_module.productgallery", "pk": 19, "fields": {"product": 5, "image": "images/product-gallery/darkviolet1.jpg"}}, {"model": "product_module.productgallery", "pk": 20, "fields": {"product": 4, "image": "images/product-gallery/Screenshot_20260210_144650_Canva.jpg"}}, {"model": "product_module.productgallery", "pk": 21, "fields": {"product": 4, "image": "images/product-gallery/Screenshot_20260210_144846_Canva.jpg"}}, {"model": "product_module.productgallery", "pk": 22, "fields": {"product": 4, "image": "images/product-gallery/Screenshot_20260210_144752_Canva.jpg"}}, {"model": "product_module.productgallery", "pk": 23, "fields": {"product": 3, "image": "images/product-gallery/Screenshot_20260210_145519_Canva.jpg"}}, {"model": "product_module.productgallery", "pk": 24, "fields": {"product": 3, "image": "images/product-gallery/Screenshot_20260210_145126_Canva.jpg"}}, {"model": "product_module.productgallery", "pk": 25, "fields": {"product": 3, "image": "images/product-gallery/Screenshot_20260210_145306_Canva.jpg"}}, {"model": "product_module.productgallery", "pk": 26, "fields": {"product": 2, "image": "images/product-gallery/Screenshot_20260210_144621_Canva.jpg"}}, {"model": "product_module.productgallery", "pk": 27, "fields": {"product": 2, "image": "images/product-gallery/Screenshot_20260210_144523_Canva.jpg"}}, {"model": "product_module.productgallery", "pk": 28, "fields": {"product": 11, "image": "images/product-gallery/DSC02924.jpg"}}, {"model": "product_module.productgallery", "pk": 29, "fields": {"product": 11, "image": "images/product-gallery/DSC02942.jpg"}}, {"model": "product_module.productgallery", "pk": 30, "fields": {"product": 11, "image": "images/product-gallery/DSC02923.jpg"}}, {"model": "product_module.productgallery", "pk": 37, "fields": {"product": 12, "image": "images/product-gallery/Screenshot_20260210_145155_Canva.jpg"}}, {"model": "product_module.productgallery", "pk": 38, "fields": {"product": 12, "image": "images/product-gallery/Screenshot_20260210_145306_Canva_dE4wiuV.jpg"}}, {"model": "product_module.productgallery", "pk": 39, "fields": {"product": 12, "image": "images/product-gallery/Screenshot_20260210_145126_Canva_IvjnWoI.jpg"}}, {"model": "product_module.productvisit", "pk": 2, "fields": {"product": 2, "ip": "127.0.0.1", "user": 1}}, {"model": "product_module.productvisit", "pk": 3, "fields": {"product": 8, "ip": "127.0.0.1", "user": 1}}, {"model": "product_module.productvisit", "pk": 4, "fields": {"product": 6, "ip": "127.0.0.1", "user": 1}}, {"model": "product_module.productvisit", "pk": 5, "fields": {"product": 4, "ip": "127.0.0.1", "user": 1}}, {"model": "product_module.productvisit", "pk": 6, "fields": {"product": 7, "ip": "127.0.0.1", "user": 1}}, {"model": "product_module.productvisit", "pk": 7, "fields": {"product": 5, "ip": "127.0.0.1", "user": 1}}, {"model": "product_module.productvisit", "pk": 8, "fields": {"product": 3, "ip": "127.0.0.1", "user": 1}}, {"model": "product_module.productvisit", "pk": 9, "fields": {"product": 11, "ip": "127.0.0.1", "user": 1}}, {"model": "product_module.productvisit", "pk": 12, "fields": {"product": 12, "ip": "127.0.0.1", "user": 1}}, {"model": "product_module.productcomment", "pk": 1, "fields": {"product": 8, "user": 1, "email": "Aysuda@gmail.com", "message": "عالی", "created_date": "2026-02-09T23:25:04.764Z", "is_approved": true}}, {"model": "account_module.user", "pk": 1, "fields": {"password": "pbkdf2_sha256$1000000$tyATNLgWEhtyfGB24ovkmf$581aq0Z3gf7h4X4+gd4nl4yHNK1k+fWg/Go1kxHGfI0=", "last_login": "2026-07-02T10:27:53.057Z", "is_superuser": true, "username": "Aysuda", "first_name": "آیسودا", "last_name": "", "email": "Aysuda@gmail.com", "is_staff": true, "is_active": true, "date_joined": "2025-12-25T04:04:13.208Z", "avatar": "", "email_active_code": "", "about_user": "", "address": "", "groups": [], "user_permissions": []}}, {"model": "account_module.user", "pk": 2, "fields": {"password": "pbkdf2_sha256$1000000$L92x2aUSgBq9c6F9oAyPsy$DIbsIXQXzP6uFmhnfA5YS71L1BvvsqkulkmiMAcpSDI=", "last_login": "2026-02-25T01:29:30.465Z", "is_superuser": false, "username": "zahrabadrloo2003@gmail.com", "first_name": "", "last_name": "", "email": "zahrabadrloo2003@gmail.com", "is_staff": false, "is_active": true, "date_joined": "2026-02-25T01:25:54.498Z", "avatar": "", "email_active_code": "BlkAhyju0VO5O2uXW9jntQidcCht3lwNfwgcX6UFCtwhJnMliLmQYhGuxE1lUlmBiNiWGA6K", "about_user": null, "address": null, "groups": [], "user_permissions": []}}, {"model": "contact_module.contactus", "pk": 1, "fields": {"title": "تست", "email": "admin@admin.com", "full_name": "آیسودا", "message": "این یک پیام تستی است", "created_date": "2025-12-29T01:45:06.487Z", "is_read_by_admin": false}}, {"model": "sitsetting_module.sitsetting", "pk": 2, "fields": {"Sit_name": "shop center", "slogan": null, "logo": "sit_images/logo_wHr09SN.png", "phone_number": "09926471549", "fax": "123456789", "email": "zahrabadrloo.dev@gmail.com", "address": "این سایت نمونه است و آدرس فیزیکی ندارد", "about_us": "این وب‌سایت یک فروشگاه اینترنتی نمونه است که با هدف تمرین و پیاده‌سازی قابلیت‌های مختلف در حوزه توسعه وب ایجاد شده است. در این پروژه تلاش شده بخش‌های اصلی یک سایت واقعی از جمله سیستم عضویت، مدیریت محصولات، مقالات و ثبت نظرات کاربران شبیه‌سازی شود.\r\nهدف اصلی این وب‌سایت، ایجاد یک محیط عملی برای آزمایش ایده‌ها و یادگیری بیشتر در زمینه طراحی و پیاده‌سازی سیستم‌های تحت وب است.", "copyright": "© Demo Project", "instagram": null, "telegram": null, "is_active": true}}, {"model": "sitsetting_module.slider", "pk": 1, "fields": {"title": "کالکشن جدید", "url": null, "image": "slider/-2147483648_-210435.jpg", "is_active": true}}, {"model": "sitsetting_module.slider", "pk": 2, "fields": {"title": "new collection", "url": null, "image": "slider/-2147483648_-210437.jpg", "is_active": true}}, {"model": "sitsetting_module.slider", "pk": 3, "fields": {"title": "بهداشتی", "url": null, "image": "slider/-2147483648_-210439.jpg", "is_active": true}}, {"model": "sitsetting_module.banners", "pk": 1, "fields": {"title": "ارسال رایگان", "url": null, "image": "sitebanner/shipping_f7UfM9z.jpg", "is_active": true}}, {"model": "article_module.articlecategory", "pk": 1, "fields": {"parent": null, "title": "پوشاک", "url_title": "poshak", "is_active": true}}, {"model": "article_module.articlecategory", "pk": 2, "fields": {"parent": null, "title": "آرایشی", "url_title": "arayesh", "is_active": true}}, {"model": "article_module.article", "pk": 1, "fields": {"title": "راهنمای انتخاب سایز مناسب لباس", "slug": "size-selection", "images": "articles/table10.jpg", "short_description": "انتخاب سایز مناسب در خرید اینترنتی لباس باعث می‌شود لباس راحت‌تر باشد و تجربه خرید بهتری داشته باشید.", "text": "انتخاب سایز مناسب در خرید اینترنتی لباس اهمیت زیادی دارد، زیرا اگر سایز درست انتخاب نشود، ممکن است لباس حتی با کیفیت عالی قابل استفاده نباشد. برای داشتن خرید موفق، بهتر است ابتدا اندازه‌های اصلی بدن خود مانند دور سینه، دور کمر و دور باسن را با دقت اندازه بگیرید و سپس آن‌ها را با جدول سایزبندی محصول مقایسه کنید. همچنین توجه به توضیحات هر محصول مهم است، زیرا بعضی لباس‌ها جذب و برخی آزاد طراحی شده‌اند. در صورتی که بین دو سایز مردد باشید، انتخاب سایز بزرگ‌تر معمولاً گزینه مطمئن‌تری است. با رعایت این نکات ساده، لباس راحت‌تر خواهد بود و تجربه خرید شما بهبود پیدا می‌کند.", "is_active": true, "author": 1, "create_date": "2026-02-09T23:02:12.143Z", "category": [1]}}, {"model": "article_module.article", "pk": 2, "fields": {"title": "پنج نکته برای نگهداری بهتر از لباس جین", "slug": "denim-care", "images": "articles/-2147483648_-210618.jpg", "short_description": "لباس‌های جین برای دوام بیشتر نیاز به مراقبت درست دارند و شست‌وشوی زیاد باعث کاهش کیفیت آن می‌شود.", "text": "لباس‌های جین به دلیل استفاده زیاد نیاز به مراقبت درست دارند تا کیفیت و رنگ آن‌ها در طول زمان حفظ شود. شست‌وشوی بیش از حد می‌تواند باعث کم‌رنگ شدن و آسیب پارچه شود، بنابراین بهتر است لباس جین فقط وقتی واقعاً نیاز است شسته شود. استفاده از آب سرد و شوینده ملایم کمک می‌کند تا رنگ لباس حفظ شود. همچنین بهتر است لباس جین پشت‌ورو شسته شود و از خشک‌کن با حرارت بالا استفاده نشود. با رعایت این نکات ساده، لباس جین مدت طولانی‌تری ظاهر اولیه خود را حفظ خواهد کرد.لباس‌های جین به دلیل استفاده زیاد نیاز به مراقبت درست دارند تا کیفیت و رنگ آن‌ها در طول زمان حفظ شود. شست‌وشوی بیش از حد می‌تواند باعث کم‌رنگ شدن و آسیب پارچه شود، بنابراین بهتر است لباس جین فقط وقتی واقعاً نیاز است شسته شود. استفاده از آب سرد و شوینده ملایم کمک می‌کند تا رنگ لباس حفظ شود. همچنین بهتر است لباس جین پشت‌ورو شسته شود و از خشک‌کن با حرارت بالا استفاده نشود. با رعایت این نکات ساده، لباس جین مدت طولانی‌تری ظاهر اولیه خود را حفظ خواهد کرد.", "is_active": true, "author": 1, "create_date": "2026-02-09T23:17:08.132Z", "category": [1]}}, {"model": "article_module.article", "pk": 3, "fields": {"title": "چطور آرایش ساده و روزانه داشته باشیم؟", "slug": "daily-makeup", "images": "articles/-2147483648_-210238.jpg", "short_description": "آرایش روزانه باید سبک و طبیعی باشد تا چهره شاداب و مرتب دیده شود.", "text": "آرایش روزانه باید سبک و طبیعی باشد تا چهره شاداب‌تر دیده شود و در عین حال وقت زیادی از شما نگیرد. برای شروع بهتر است پوست خود را تمیز و مرطوب کنید و سپس مقدار کمی کرم پودر یا بی‌بی کرم استفاده کنید تا رنگ پوست یکنواخت شود. استفاده از ریمل، رژ لب ملایم و کمی رژگونه برای آرایش روزانه کافی است و بهتر است از رنگ‌های طبیعی نزدیک به رنگ پوست استفاده شود. آرایش ساده باعث می‌شود چهره شما طبیعی‌تر و مرتب‌تر دیده شود.", "is_active": true, "author": 1, "create_date": "2026-02-09T23:20:06.282Z", "category": [2]}}, {"model": "article_module.article", "pk": 4, "fields": {"title": "تفاوت کرم پودر مات و براق", "slug": "foundation-types", "images": "articles/-2147483648_-210614.jpg", "short_description": "کرم پودر مات برای پوست‌های چرب و طبیعی، و کرم پودر براق برای پوست‌های خشک و روشن‌تر مناسب است.", "text": "کرم پودرها انواع مختلفی دارند و دو نوع رایج آن‌ها مات و براق است. کرم پودر مات برای افرادی مناسب است که پوست چرب دارند یا می‌خواهند ظاهری طبیعی و بدون برق داشته باشند، زیرا چربی پوست را کنترل می‌کند و جلوه‌ای صاف به پوست می‌دهد. در مقابل، کرم پودر براق برای پوست‌های خشک مناسب‌تر است و باعث می‌شود پوست شاداب‌تر و درخشان‌تر دیده شود. انتخاب نوع کرم پودر بستگی به نوع پوست و سلیقه شخصی دارد و بهتر است قبل از خرید، نیاز و شرایط پوست خود را بررسی کنید تا نتیجه دلخواه حاصل شود.", "is_active": true, "author": 1, "create_date": "2026-02-09T23:22:42.230Z", "category": [2]}}, {"model": "article_module.articlecomment", "pk": 15, "fields": {"article": 4, "parent": null, "user": 1, "creat_date": "2026-02-24T01:09:25.177Z", "text": "بسیار عالی بود."}}, {"model": "article_module.articlecomment", "pk": 16, "fields": {"article": 4, "parent": 15, "user": 1, "creat_date": "2026-02-24T01:09:48.781Z", "text": "ممنون"}}, {"model": "article_module.articlecomment", "pk": 17, "fields": {"article": 3, "parent": null, "user": 1, "creat_date": "2026-02-24T01:43:31.927Z", "text": "خیلی ممنون عالی بود."}}, {"model": "article_module.articlecomment", "pk": 18, "fields": {"article": 3, "parent": 17, "user": 1, "creat_date": "2026-02-24T01:43:43.552Z", "text": "خواهش میکنم"}}, {"model": "article_module.articlecomment", "pk": 19, "fields": {"article": 2, "parent": null, "user": 1, "creat_date": "2026-02-25T00:24:04.692Z", "text": "خیلی ممنون مفید بود."}}, {"model": "article_module.articlecomment", "pk": 20, "fields": {"article": 2, "parent": 19, "user": 1, "creat_date": "2026-02-25T00:24:21.000Z", "text": "خواهش میکنم"}}, {"model": "order_module.order", "pk": 15, "fields": {"user": 1, "is_paid": true, "payment_date": "2026-02-24"}}, {"model": "order_module.order", "pk": 16, "fields": {"user": 1, "is_paid": true, "payment_date": "2026-02-25"}}, {"model": "order_module.order", "pk": 17, "fields": {"user": 1, "is_paid": false, "payment_date": null}}, {"model": "order_module.order", "pk": 18, "fields": {"user": 2, "is_paid": true, "payment_date": "2026-02-25"}}, {"model": "order_module.order", "pk": 19, "fields": {"user": 2, "is_paid": false, "payment_date": null}}, {"model": "order_module.orderdetail", "pk": 22, "fields": {"order": 15, "variant": 30, "final_price": 18500000, "count": 1}}, {"model": "order_module.orderdetail", "pk": 23, "fields": {"order": 15, "variant": 13, "final_price": 3400000, "count": 3}}, {"model": "order_module.orderdetail", "pk": 24, "fields": {"order": 16, "variant": 30, "final_price": 18500000, "count": 2}}, {"model": "order_module.orderdetail", "pk": 25, "fields": {"order": 16, "variant": 11, "final_price": 4500000, "count": 1}}, {"model": "order_module.orderdetail", "pk": 26, "fields": {"order": 16, "variant": 12, "final_price": 3400000, "count": 1}}, {"model": "order_module.orderdetail", "pk": 27, "fields": {"order": 18, "variant": 35, "final_price": 19000000, "count": 1}}, {"model": "order_module.orderdetail", "pk": 28, "fields": {"order": 18, "variant": 18, "final_price": 3400000, "count": 1}}, {"model": "order_module.orderdetail", "pk": 29, "fields": {"order": 17, "variant": 22, "final_price": null, "count": 1}}]